,FLI (10 Year),FLI (20 Year),FLI (30 Year),FBI (10 Year),FBI (20 Year),FBI (30 Year),FLI10 (%),FLI20 (%),FLI30 (%),FBI10 (%),FBI20 (%),FBI30 (%)
AGASSIZ NATIONAL WILDLIFE REFUGE  ,111.1928,115.3227,114.8067,142.2435,143.2013,142.0754,0.9708738,9.677419,1.204819,14.56311,24.73118,9.638554
ALAMOSA NATIONAL WILDLIFE REFUGE  ,111.1178,112.3436,112.6618,148.3582,148.8115,149.1489,1.941748,4.301075,1.204819,6.796117,6.451613,1.204819
ALASKA MARITIME NATIONAL WILDLIFE REFUGE  ,142.3417,142.1134,143.0102,182.3404,181.959,183.004,16.50485,9.677419,9.638554,19.10112,33.33333,33.33333
ALASKA PENINSULA NATIONAL WILDLIFE REFUGE  ,139.346,139.2958,140.684,179.8815,178.7761,179.9911,15.53398,8.602151,12.04819,24.27184,8.602151,12.04819
ALLIGATOR RIVER NATIONAL WILDLIFE REFUGE  ,42.93996,40.32772,40.11728,78.50217,76.10433,75.85978,66.99029,56.98925,37.3494,45.63107,18.27957,3.614458
AMAGANSETT NATIONAL WILDLIFE REFUGE  ,90.15888,89.57545,89.45531,123.0006,123.5235,124.3667,13.59223,2.150538,1.204819,0.9708738,1.075269,1.204819
ANAHO ISLAND NATIONAL WILDLIFE REFUGE  ,86.05611,84.92149,84.15316,128.9239,127.8277,125.5541,24.27184,19.35484,3.614458,73.78641,64.51613,16.86747
ANAHUAC NATIONAL WILDLIFE REFUGE  ,20.63333,20.16667,21.65556,43.66667,42.38333,43.38889,28.15534,4.301075,38.55422,62.13592,30.10753,40.96386
ANKENY NATIONAL WILDLIFE REFUGE  ,56.34868,57.21108,57.14881,109.643,108.9366,106.556,9.708738,9.677419,2.409639,33.98058,25.80645,7.228916
ANTIOCH DUNES NATIONAL WILDLIFE REFUGE  ,31.87966,32.16649,32.59092,66.19595,66.31259,65.73655,3.883495,1.075269,1.204819,19.41748,20.43011,8.433735
ARANSAS NATIONAL WILDLIFE REFUGE  ,19.46589,19.04047,20.65723,40.89767,39.6775,41.01993,15.53398,2.150538,10.84337,36.8932,6.451613,19.27711
ARAPAHO NATIONAL WILDLIFE REFUGE  ,125.6274,126.72,126.5893,162.6212,162.6499,162.5874,11.65049,15.05376,9.638554,28.15534,10.75269,2.409639
ARCHIE CARR NATIONAL WILDLIFE REFUGE  ,15.2,14.64036,14.72924,30.7035,29.83947,30.09296,66.01942,41.93548,48.19277,63.1068,36.55914,34.93976
ARCTIC NATIONAL WILDLIFE REFUGE  ,153.4179,153.8551,154.6058,181.3953,182.3363,182.6821,3.883495,1.075269,1.204819,3.883495,3.225806,1.960784
ARDOCH NATIONAL WILDLIFE REFUGE  ,109.9714,114.2101,113.8875,140.2089,141.1691,140.4335,0.9708738,6.451613,1.204819,13.59223,22.58065,10.84337
AROOSTOOK NATIONAL WILDLIFE REFUGE  ,122.7367,124.1648,123.7802,151.7529,152.2755,151.8812,4.854369,3.225806,1.204819,11.65049,20.43011,2.409639
ARROWWOOD NATIONAL WILDLIFE REFUGE  ,107.7312,112.255,111.753,138.5246,139.8778,139.0522,0.9708738,1.075269,1.204819,12.62136,24.73118,7.228916
ARTHUR R. MARSHALL LOXAHATCHEE NATIONAL WILDLIFE REFUGE  ,14.8,14.41667,14.44444,30.06667,29.3,29.36667,68.93204,56.98925,49.39759,64.07767,38.70968,32.53012
ASH MEADOWS NATIONAL WILDLIFE REFUGE  ,39.33835,39.91027,41.50861,75.28859,74.48964,74.5908,5.825243,1.075269,3.614458,22.3301,17.2043,8.433735
ASSABET RIVER NATIONAL WILDLIFE REFUGE  ,102.6667,103.3,103.4111,130.2,131.2167,132.3667,3.883495,1.075269,1.204819,0.9708738,1.075269,1.204819
ATCHAFALAYA NATIONAL WILDLIFE REFUGE  ,27.17649,26.02428,27.3015,54.3466,52.60933,53.07862,63.1068,45.16129,53.01205,69.90291,58.06452,53.01205
ATTWATER PRAIRIE CHICKEN NATIONAL WILDLIFE REFUGE  ,24.25453,23.35311,24.97688,48.2767,47.16354,48.10536,42.71845,4.301075,44.57831,51.45631,30.10753,39.75904
AUDUBON NATIONAL WILDLIFE REFUGE  ,107.1986,111.2873,110.5306,138.7254,140.0614,139.2752,0.9708738,7.526882,1.204819,12.62136,24.73118,8.433735
BACA NATIONAL WILDLIFE REFUGE  ,113.6076,114.8876,115.2493,150.6411,151.1171,151.5259,3.883495,4.301075,1.204819,6.796117,6.451613,1.204819
BACK BAY NATIONAL WILDLIFE REFUGE  ,48.78153,46.01371,45.77566,85.50829,84.14483,84.14821,60.19417,32.25806,24.09639,41.74757,10.75269,1.204819
BAKER ISLAND NATIONAL WILDLIFE REFUGE  ,NaN ,NaN ,NaN ,NaN ,NaN ,NaN ,NaN ,NaN ,NaN ,NaN ,NaN ,NaN 
BALCONES CANYONLANDS NATIONAL WILDLIFE REFUGE  ,29.19138,28.38376,29.41854,57.22919,56.10094,56.44711,36.8932,6.451613,21.68675,40.7767,17.2043,8.433735
BALD KNOB NATIONAL WILDLIFE REFUGE  ,51.53878,50.60379,50.29292,82.88978,84.17763,83.62307,55.33981,40.86022,28.91566,4.854369,15.05376,1.204819
BAMFORTH NATIONAL WILDLIFE REFUGE  ,113.991,115.5643,115.3919,150.9307,151.596,151.092,4.854369,8.602151,2.409639,15.53398,12.90323,1.204819
BANDON MARSH NATIONAL WILDLIFE REFUGE  ,30.59434,31.58967,31.88068,72.75557,73.46479,72.77779,0.9708738,2.150538,1.204819,16.50485,20.43011,8.433735
BANKS LAKE NATIONAL WILDLIFE REFUGE  ,28.81776,27.99629,28.04369,57.29099,54.56162,54.13163,76.69903,63.44086,59.03614,86.40777,64.51613,61.44578
BASKETT SLOUGH NATIONAL WILDLIFE REFUGE  ,50.66764,51.52113,52.22611,105.4089,104.665,102.3837,7.76699,5.376344,1.204819,28.15534,22.58065,7.228916
BAYOU COCODRIE NATIONAL WILDLIFE REFUGE  ,31.43333,29.98333,31.02222,60.06667,57.71667,57.96667,76.69903,62.36559,66.26506,72.81553,63.44086,56.62651
BAYOU SAUVAGE NATIONAL WILDLIFE REFUGE  ,24.03019,23.59652,24.57731,49.31736,48.18903,48.58618,59.2233,47.31183,48.19277,66.99029,55.91398,53.01205
BAYOU TECHE NATIONAL WILDLIFE REFUGE  ,20.00603,19.99736,21.53537,43.0139,42.20301,43.32112,25.24272,19.35484,44.57831,63.1068,46.23656,50.60241
BEAR BUTTE NATIONAL WILDLIFE REFUGE  ,98.26667,100.15,100.6667,135.8,137.5333,136.7778,1.941748,3.225806,1.204819,19.41748,41.93548,21.68675
BEAR LAKE NATIONAL WILDLIFE REFUGE  ,119.5126,120.4236,119.3313,156.0484,155.3955,154.1654,33.00971,49.46237,12.04819,88.34951,88.17204,75.90361
BEAR RIVER MIGRATORY BIRD REFUGE  ,99.16489,98.22104,97.83791,134.5832,134.4804,132.9083,26.21359,19.35484,8.433735,72.81553,63.44086,33.73494
BEAR VALLEY NATIONAL WILDLIFE REFUGE  ,100.7424,97.9816,96.45387,143.9095,142.4914,140.3682,65.04854,23.65591,9.638554,100,98.92473,72.28916
BECHAROF NATIONAL WILDLIFE REFUGE  ,133.7586,133.2684,134.6951,169.1071,168.2451,169.6018,18.4466,6.451613,9.638554,17.47573,8.602151,8.433735
BENTON LAKE NATIONAL WILDLIFE REFUGE  ,102.4754,104.2857,102.9332,142.919,142.8563,141.5004,9.708738,22.58065,6.024096,52.42718,46.23656,18.07229
BIG BOGGY NATIONAL WILDLIFE REFUGE  ,17.18725,17.00199,18.57752,36.95765,35.91987,37.53225,18.4466,1.075269,37.3494,43.68932,4.301075,37.3494
BIG BRANCH MARSH NATIONAL WILDLIFE REFUGE  ,25.83214,25.07133,25.9649,52.40592,50.93545,51.12812,63.1068,49.46237,53.01205,72.81553,60.21505,53.01205
BIG LAKE NATIONAL WILDLIFE REFUGE  ,54.83315,53.79709,53.6719,85.67655,87.11774,86.68253,51.45631,37.63441,33.73494,2.912621,10.75269,1.204819
BIG MUDDY NATIONAL FISH AND WILDLIFE REFUGE  ,74.80338,74.90536,74.38112,102.0651,104.5947,105.1002,19.41748,13.97849,1.204819,0.9708738,1.075269,1.204819
BIG OAKS NATIONAL WILDLIFE REFUGE  ,76.09892,76.32414,75.96018,103.8883,106.2448,107.2934,23.30097,11.82796,1.204819,0.9708738,1.075269,1.204819
BIG STONE NATIONAL WILDLIFE REFUGE  ,103.7801,106.7165,106.7667,130.4732,133.1466,132.8553,0.9708738,1.075269,1.204819,0.9708738,9.677419,2.409639
BILL WILLIAMS RIVER NATIONAL WILDLIFE REFUGE  ,28.98923,28.67292,29.36934,57.41195,56.70845,57.01204,10.67961,2.150538,2.409639,16.50485,11.82796,4.819277
BILLY FRANK JR. NISQUALLY NATIONAL WILDLIFE REFUGE  ,57.98889,59.05196,59.20962,113.1082,112.8764,110.759,6.796117,8.602151,2.409639,27.18447,22.58065,8.433735
BITTER CREEK NATIONAL WILDLIFE REFUGE  ,28.0009,28.75317,29.16253,59.06886,59.37641,59.31868,0.9708738,1.075269,1.204819,12.62136,15.05376,7.228916
BITTER LAKE NATIONAL WILDLIFE REFUGE  ,46.03333,45.66667,46.64445,79.93333,80.33333,81.58889,20.38835,6.451613,4.819277,4.854369,2.150538,2.409639
BLACK BAYOU LAKE NATIONAL WILDLIFE REFUGE  ,36.21006,33.49224,34.33281,65.75582,63.4973,63.57572,78.64078,64.51613,60.24096,67.96117,55.91398,44.57831
BLACK COULEE NATIONAL WILDLIFE REFUGE  ,104.8314,106.6329,105.1218,139.4915,139.6434,138.394,11.65049,22.58065,3.614458,44.66019,39.78495,16.86747
BLACKBEARD ISLAND NATIONAL WILDLIFE REFUGE  ,28,27.83333,28.06667,57.26667,54.96667,54.63333,63.1068,56.98925,60.24096,83.49515,61.29032,59.03614
BLACKWATER NATIONAL WILDLIFE REFUGE  ,69.43786,69.43318,69.60617,103.5899,103.5913,104.1084,27.18447,6.451613,2.409639,8.737864,1.075269,1.204819
BLOCK ISLAND NATIONAL WILDLIFE REFUGE  ,97.36667,96.76667,97.36667,127.5,128.1167,129.2333,10.67961,1.075269,1.204819,0.9708738,1.075269,1.204819
BLUE RIDGE NATIONAL WILDLIFE REFUGE  ,65.59056,65.04101,64.45017,104.2731,103.0963,101.8173,22.3301,18.27957,3.614458,29.12621,20.43011,6.024096
BOGUE CHITTO NATIONAL WILDLIFE REFUGE  ,26.21667,25.37778,26.16663,52.98331,51.4472,51.53143,64.07767,51.6129,49.39759,72.81553,62.36559,53.01205
BOMBAY HOOK NATIONAL WILDLIFE REFUGE  ,77.94671,78.0611,78.05647,109.317,109.669,110.7082,19.41748,5.376344,1.204819,1.941748,1.075269,1.204819
BON SECOUR NATIONAL WILDLIFE REFUGE  ,25.87317,25.0841,25.57105,52.1924,50.56232,50.46123,70.87379,56.98925,59.03614,76.69903,64.51613,60.24096
BOND SWAMP NATIONAL WILDLIFE REFUGE  ,35.5141,34.22003,34.25371,65.5805,63.27011,62.80068,77.6699,67.74194,60.24096,70.87379,46.23656,39.75904
BOSQUE DEL APACHE NATIONAL WILDLIFE REFUGE  ,57.62699,56.46265,58.09621,94.13343,94.21869,95.78447,12.62136,1.075269,7.228916,3.883495,1.075269,1.204819
BOWDOIN NATIONAL WILDLIFE REFUGE  ,104.5007,106.5577,105.0517,138.0185,138.4859,137.3518,11.65049,23.65591,3.614458,36.8932,38.70968,16.86747
BOYER CHUTE NATIONAL WILDLIFE REFUGE  ,89.11142,89.95231,90.05667,114.7133,118.0351,118.6062,7.76699,8.602151,1.204819,0.9708738,1.075269,1.204819
BRAZORIA NATIONAL WILDLIFE REFUGE  ,21.46708,20.76562,22.18702,43.54803,42.39808,43.43645,40.7767,3.225806,44.57831,57.28155,34.4086,38.55422
BRETON NATIONAL WILDLIFE REFUGE  ,21.6949,21.72232,22.72395,45.19237,44.51068,45.13366,40.7767,40.86022,51.80723,64.07767,52.68817,53.01205
BROWNS PARK NATIONAL WILDLIFE REFUGE  ,104.5157,105.1448,105.2617,140.7701,140.7995,139.8157,10.67961,8.602151,2.409639,64.07767,65.5914,37.3494
BUCK ISLAND NATIONAL WILDLIFE REFUGE  ,6.8,6.633333,6.755556,16.8,16.68333,16.84444,17.47573,6.451613,3.614458,15.53398,5.376344,3.614458
BUENOS AIRES NATIONAL WILDLIFE REFUGE  ,28.77444,28.17549,28.81717,58.22583,57.42941,57.68993,13.59223,3.225806,1.204819,21.35922,16.12903,10.84337
BUFFALO LAKE NATIONAL WILDLIFE REFUGE  ,71.37273,73.22119,73.02074,103.6535,105.1871,105.4702,2.912621,7.526882,1.204819,0.9708738,4.301075,1.204819
CABEZA PRIETA NATIONAL WILDLIFE REFUGE  ,23.82915,23.64721,24.05494,45.59753,45.47888,45.86906,11.65049,2.150538,13.25301,11.65049,5.376344,8.433735
CABO ROJO NATIONAL WILDLIFE REFUGE  ,7.149008,7.044381,7.11259,17.28508,17.26841,17.36254,18.4466,5.376344,4.819277,11.65049,4.301075,4.819277
CACHE RIVER NATIONAL WILDLIFE REFUGE  ,50.11661,48.82495,48.48074,81.15104,81.89768,81.46948,64.07767,48.3871,38.55422,17.47573,15.05376,1.204819
CADDO LAKE NATIONAL WILDLIFE REFUGE  ,36.64018,34.23767,34.82283,65.8863,64.25434,64.131,78.64078,59.13978,60.24096,61.16505,39.78495,22.89157
CAHABA RIVER NATIONAL WILDLIFE REFUGE  ,40.05312,38.41488,38.68499,70.68157,69.38662,69.35672,72.81553,62.36559,60.24096,47.57282,40.86022,22.89157
CALOOSAHATCHEE NATIONAL WILDLIFE REFUGE  ,15.95343,15.35542,15.24675,31.42279,30.65879,30.60056,76.69903,63.44086,49.39759,65.04854,43.01075,28.91566
CAMAS NATIONAL WILDLIFE REFUGE  ,117.3009,118.0458,116.6449,152.711,152.3694,150.9119,33.98058,44.08602,7.228916,76.69903,79.56989,45.78313
CAMERON PRAIRIE NATIONAL WILDLIFE REFUGE  ,21.85375,21.57708,23.14519,46.05442,44.84322,45.84454,33.00971,17.2043,45.78313,62.13592,43.01075,42.16867
CANAAN VALLEY NATIONAL WILDLIFE REFUGE  ,83.92247,85.85978,85.85164,114.8922,116.9332,118.0779,5.825243,7.526882,1.204819,0.9708738,1.075269,1.204819
CANFIELD LAKE NATIONAL WILDLIFE REFUGE  ,107.044,111.2636,110.5111,138.237,139.5551,138.7499,0.9708738,8.602151,1.204819,12.62136,25.80645,9.638554
CAPE MAY NATIONAL WILDLIFE REFUGE  ,76.40074,75.97996,75.64247,109.6944,109.9262,110.8909,30.09709,9.677419,1.204819,2.912621,1.075269,1.204819
CAPE MEARES NATIONAL WILDLIFE REFUGE  ,51,51.65,52.7,107.3667,106.6667,104.4,9.708738,4.301075,4.819277,27.18447,22.58065,7.228916
CAPE ROMAIN NATIONAL WILDLIFE REFUGE  ,29.10313,28.95195,29.30406,57.2938,55.77997,55.82298,58.25243,54.83871,51.80723,63.1068,43.01075,27.71084
CAROLINA SANDHILLS NATIONAL WILDLIFE REFUGE  ,44.35494,42.18111,41.75178,76.08626,74.40394,73.83548,78.64078,64.51613,46.98795,52.42718,34.4086,10.84337
CASTLE ROCK NATIONAL WILDLIFE REFUGE  ,32.09618,32.80482,33.01562,68.48407,68.54346,68.31937,0.9708738,3.225806,6.024096,20.38835,18.27957,9.638554
CAT ISLAND NATIONAL WILDLIFE REFUGE  ,27.58176,26.40258,27.6521,54.89112,53.09779,53.54338,66.01942,46.23656,56.62651,69.90291,58.06452,53.01205
CATAHOULA NATIONAL WILDLIFE REFUGE  ,31.38358,29.74287,30.90061,60.11642,57.67521,57.98325,76.69903,61.29032,65.06024,72.81553,62.36559,51.80723
CEDAR ISLAND NATIONAL WILDLIFE REFUGE  ,38.57295,36.37775,36.29958,72.26859,69.64435,69.15407,67.96117,56.98925,38.55422,59.2233,27.95699,9.638554
CEDAR KEYS NATIONAL WILDLIFE REFUGE  ,21.57316,20.94784,21.19204,43.32845,41.81187,42.16862,65.04854,39.78495,50.60241,71.84466,52.68817,45.78313
CEDAR POINT NATIONAL WILDLIFE REFUGE  ,91.67907,93.52508,93.0098,120.3018,122.7819,123.4568,1.941748,3.225806,1.204819,0.9708738,1.075269,1.204819
CHARLES M. RUSSELL NATIONAL WILDLIFE REFUGE  ,100.3237,101.8873,101.0489,135.2121,136.1495,135.1956,9.708738,19.35484,2.409639,26.21359,38.70968,16.86747
CHASE LAKE NATIONAL WILDLIFE REFUGE  ,107.0337,111.5603,111.0724,138.0398,139.4383,138.6913,0.9708738,2.150538,1.204819,12.62136,24.73118,10.84337
CHASSAHOWITZKA NATIONAL WILDLIFE REFUGE  ,19.07576,18.35025,18.76693,38.20615,37.12485,37.59173,46.60194,10.75269,18.07229,53.39806,21.50538,26.50602
CHAUTAUQUA NATIONAL WILDLIFE REFUGE  ,86.75846,88.6534,87.78458,111.7145,115.1555,115.8047,1.941748,12.90323,1.204819,0.9708738,1.075269,1.204819
CHERRY VALLEY NATIONAL WILDLIFE REFUGE  ,90.11545,91.02126,91.09808,118.7012,119.9458,120.8976,0.9708738,1.075269,1.204819,0.9708738,1.075269,1.204819
CHICKASAW NATIONAL WILDLIFE REFUGE  ,54.01476,52.88158,52.66638,85.09191,86.33729,85.94524,57.28155,45.16129,37.3494,10.67961,15.05376,1.204819
CHINCOTEAGUE NATIONAL WILDLIFE REFUGE  ,57.77007,55.54647,55.66094,96.26753,95.59126,95.82906,48.54369,13.97849,9.638554,22.3301,4.301075,1.204819
CHOCTAW NATIONAL WILDLIFE REFUGE  ,32.78637,31.35709,32.2031,62.20669,60.1128,60.18284,72.81553,59.13978,62.6506,69.90291,52.68817,50.60241
CIBOLA NATIONAL WILDLIFE REFUGE  ,24.72692,24.41737,24.72474,46.76387,46.6788,47.15314,14.56311,3.225806,8.433735,8.737864,3.225806,3.614458
CLARENCE CANNON NATIONAL WILDLIFE REFUGE  ,78.51668,79.15499,78.90192,104.7128,107.3738,108.1218,7.76699,11.82796,1.204819,0.9708738,1.075269,1.204819
CLARKS RIVER NATIONAL WILDLIFE REFUGE  ,61.64239,59.66976,60.10991,91.44682,92.6846,92.64719,45.63107,25.80645,15.66265,1.941748,7.526882,1.204819
CLEAR LAKE NATIONAL WILDLIFE REFUGE  ,102.6852,99.29705,97.9648,143.4162,141.9609,139.8684,75.72816,23.65591,10.84337,99.02913,98.92473,73.49398
COACHELLA VALLEY NATIONAL WILDLIFE REFUGE  ,28.06613,28.26444,28.71015,56.96791,56.62167,56.65111,5.825243,1.075269,2.409639,22.3301,19.35484,12.04819
COKEVILLE MEADOWS NATIONAL WILDLIFE REFUGE  ,120.3829,121.1575,119.9779,156.9383,156.5049,155.2834,36.8932,51.6129,12.04819,81.5534,88.17204,73.49398
COLD SPRINGS NATIONAL WILDLIFE REFUGE  ,83.73552,84.14563,82.39945,124.0495,123.6346,121.3851,23.30097,26.88172,10.84337,70.87379,65.5914,18.07229
COLDWATER RIVER NATIONAL WILDLIFE REFUGE  ,44.87915,42.53331,42.5957,75.54195,74.71263,74.69843,76.69903,63.44086,53.01205,39.80583,22.58065,9.638554
COLUMBIA NATIONAL WILDLIFE REFUGE  ,82.74097,83.99011,82.26163,119.5103,119.6294,117.4162,17.47573,31.1828,10.84337,54.36893,52.68817,10.84337
COLUSA NATIONAL WILDLIFE REFUGE  ,38.78701,40.2216,41.033,82.99875,82.30702,81.45185,0.9708738,1.075269,1.204819,27.18447,20.43011,8.433735
CONBOY LAKE NATIONAL WILDLIFE REFUGE  ,101.4963,101.1846,98.87834,141.7957,140.7358,139.1038,59.2233,44.08602,13.25301,86.40777,74.19355,62.6506
CONSCIENCE POINT NATIONAL WILDLIFE REFUGE  ,87.95575,87.35163,87.06767,121.8418,122.3228,123.132,15.53398,4.301075,1.204819,0.9708738,1.075269,1.204819
COPALIS NATIONAL WILDLIFE REFUGE  ,46.84857,48.04768,48.35703,105.014,105.2008,103.3584,4.854369,7.526882,1.204819,21.35922,19.35484,4.819277
CRAB ORCHARD NATIONAL WILDLIFE REFUGE  ,66.89219,65.02732,65.26917,95.21509,96.74099,97.13512,40.7767,20.43011,9.638554,0.9708738,3.225806,1.204819
CRANE MEADOWS NATIONAL WILDLIFE REFUGE  ,104.4044,107.9259,108.4541,133.7573,135.881,135.4086,0.9708738,1.075269,1.204819,4.854369,15.05376,1.204819
CREEDMAN COULEE NATIONAL WILDLIFE REFUGE  ,108.1136,109.5603,108.0514,143.4454,143.0373,141.6904,13.59223,22.58065,3.614458,59.2233,49.46237,21.68675
CRESCENT LAKE NATIONAL WILDLIFE REFUGE  ,88.95205,89.9126,90.5351,125.1605,127.2202,127.0095,4.854369,5.376344,1.204819,2.912621,15.05376,7.228916
CROCODILE LAKE NATIONAL WILDLIFE REFUGE  ,13.03333,12.73333,12.55556,27.13333,26.6,26.43333,66.99029,46.23656,27.71084,67.96117,49.46237,33.73494
CROSS CREEKS NATIONAL WILDLIFE REFUGE  ,58.94718,57.09984,57.57718,90.21299,91.33349,91.05783,61.16505,36.55914,34.93976,7.76699,13.97849,1.204819
CROSS ISLAND NATIONAL WILDLIFE REFUGE  ,113.3742,114.1891,115.1176,147.7161,148.3253,148.3457,0.9708738,1.075269,1.204819,2.912621,2.150538,1.204819
CRYSTAL RIVER NATIONAL WILDLIFE REFUGE  ,19.86769,19.17744,19.51909,39.73577,38.51344,38.90619,52.42718,20.43011,28.91566,61.16505,29.03226,34.93976
CULEBRA NATIONAL WILDLIFE REFUGE  ,6.8,6.633333,6.755556,16.8,16.68333,16.84444,17.47573,6.451613,3.614458,15.53398,5.376344,3.614458
CURRITUCK NATIONAL WILDLIFE REFUGE  ,47.78162,45.02277,44.71862,84.82422,83.29678,83.22325,60.19417,38.70968,24.09639,40.7767,12.90323,2.409639
CYPRESS CREEK NATIONAL WILDLIFE REFUGE  ,65.62186,63.78487,64.0694,94.16398,95.69463,95.95064,40.7767,22.58065,10.84337,0.9708738,5.376344,1.204819
DAHOMEY NATIONAL WILDLIFE REFUGE  ,42.19959,39.37105,39.69661,71.86267,70.60112,70.6355,77.6699,64.51613,60.24096,55.33981,46.23656,28.91566
DALE BUMPERS WHITE RIVER NATIONAL WILDLIFE REFUGE  ,45.96351,43.81404,43.66301,76.36569,75.87193,75.72872,79.61165,62.36559,56.62651,39.80583,23.65591,8.433735
D 'ARBONNE NATIONAL WILDLIFE REFUGE  ,36.09537,33.45401,34.27546,65.78449,63.60721,63.62032,78.64078,64.51613,61.44578,68.93204,55.91398,43.37349
DEEP FORK NATIONAL WILDLIFE REFUGE  ,49.68786,50.05579,49.54695,80.28382,82.06918,81.76918,29.12621,34.4086,3.614458,1.941748,10.75269,1.204819
DEER FLAT NATIONAL WILDLIFE REFUGE  ,98.64256,97.1663,95.64997,135.3885,134.3611,132.5018,59.2233,27.95699,15.66265,97.08738,100,67.46988
DELEVAN NATIONAL WILDLIFE REFUGE  ,40.39918,42.15956,43.09417,86.7235,85.83402,84.97432,0.9708738,1.075269,1.204819,28.15534,20.43011,8.433735
DELTA NATIONAL WILDLIFE REFUGE  ,19.26667,19.7,20.96667,41.2,40.95,41.96667,18.4466,19.35484,45.78313,55.33981,47.31183,50.60241
DES LACS NATIONAL WILDLIFE REFUGE  ,110.1783,114.4209,113.5399,142.2769,143.2313,142.3447,0.9708738,9.677419,1.204819,14.56311,24.73118,9.638554
DESECHEO NATIONAL WILDLIFE REFUGE  ,7.033333,6.933333,7,17.1,17.08333,17.16667,19.41748,5.376344,4.819277,14.56311,5.376344,4.819277
DESERT NATIONAL WILDLIFE RANGE  ,53.44116,53.87475,55.0557,90.87069,90.31825,90.56566,6.796117,1.075269,2.409639,17.47573,7.526882,2.409639
DESOTO NATIONAL WILDLIFE REFUGE  ,89.02576,89.84449,89.96214,114.6483,117.9745,118.5511,7.76699,8.602151,1.204819,0.9708738,1.075269,1.204819
DETROIT RIVER INTERNATIONAL WILDLIFE REFUGE  ,94.05449,95.85838,96.10296,122.8734,125.2766,125.9398,1.941748,1.075269,1.204819,0.9708738,1.075269,1.204819
DON EDWARDS SAN FRANCISCO BAY NATIONAL WILDLIFE REFUGE  ,28.44685,28.89212,29.23008,57.48002,57.93659,57.98434,0.9708738,1.075269,1.204819,3.883495,9.677419,1.204819
DRIFTLESS AREA NATIONAL WILDLIFE REFUGE  ,96.4451,98.68173,99.5308,123.2028,126.1423,126.5987,1.941748,1.075269,1.204819,0.9708738,1.075269,1.204819
DUNGENESS NATIONAL WILDLIFE REFUGE  ,55.09403,56.50581,56.69821,116.3977,116.4409,114.2404,3.883495,6.451613,2.409639,23.30097,22.58065,7.228916
EASTERN NECK NATIONAL WILDLIFE REFUGE  ,72.93234,73.16887,73.33602,105.7307,105.9477,106.6301,22.3301,6.451613,1.204819,2.912621,1.075269,1.204819
EASTERN SHORE OF VIRGINIA NATIONAL WILDLIFE REFUGE  ,53.70222,51.05514,51.01203,91.57046,90.84635,91.00249,56.31068,20.43011,8.433735,26.21359,6.451613,1.204819
EDWIN B. FORSYTHE NATIONAL WILDLIFE REFUGE  ,79.23499,78.78342,78.42883,112.1831,112.5998,113.6251,23.30097,8.602151,1.204819,0.9708738,1.075269,1.204819
EGMONT KEY NATIONAL WILDLIFE REFUGE  ,16.3,15.76667,16.13333,32.73333,31.86667,32.25556,52.42718,29.03226,51.80723,57.28155,20.43011,28.91566
ELIZABETH ALEXANDRA MORTON NATIONAL WILDLIFE REFUGE  ,90.12846,89.5734,89.38834,122.7436,123.2806,124.0681,12.62136,2.150538,1.204819,0.9708738,1.075269,1.204819
ELLICOTT SLOUGH NATIONAL WILDLIFE REFUGE  ,30.13077,30.53812,30.83214,63.2302,63.44874,63.0675,0.9708738,1.075269,1.204819,18.4466,19.35484,8.433735
EMIQUON NATIONAL WILDLIFE REFUGE  ,84.93488,86.71679,85.47769,109.6568,113.0494,113.6905,8.737864,17.2043,1.204819,0.9708738,1.075269,1.204819
ERIE NATIONAL WILDLIFE REFUGE  ,94.9604,96.63625,96.78006,125.5839,127.6692,128.2677,1.941748,1.075269,1.204819,0.9708738,1.075269,1.204819
ERNEST F. HOLLINGS ACE BASIN NATIONAL WILDLIFE REFUGE  ,30.66414,29.33742,29.49773,59.23005,56.54506,56.36041,75.72816,65.5914,59.03614,77.6699,58.06452,48.19277
EUFAULA NATIONAL WILDLIFE REFUGE  ,33.81608,32.98971,32.88826,63.98997,61.76694,61.26786,74.75728,67.74194,61.44578,71.84466,52.68817,44.57831
EVERGLADES HEADWATERS NATIONAL WILDLIFE REFUGE AND CONSERVATION AREA  ,17.595,16.89929,17.18324,34.74965,33.88137,34.24554,57.28155,22.58065,33.73494,55.33981,22.58065,31.3253
FALLON NATIONAL WILDLIFE REFUGE  ,78.83413,76.96182,76.39754,117.8319,116.5405,115.2851,27.18447,19.35484,6.024096,35.92233,21.50538,6.024096
FARALLON NATIONAL WILDLIFE REFUGE  ,26.40193,26.93654,27.20168,52.4176,53.17718,53.56006,0.9708738,1.075269,1.204819,0.9708738,1.075269,1.204819
FEATHERSTONE NATIONAL WILDLIFE REFUGE  ,68.60215,68.38444,68.40583,101.1321,101.4794,101.8445,31.06796,11.82796,4.819277,4.854369,4.301075,1.204819
FELSENTHAL NATIONAL WILDLIFE REFUGE  ,40.71719,37.97996,38.42593,70.45041,68.86472,68.91422,78.64078,65.5914,60.24096,60.19417,46.23656,36.14458
FERN CAVE NATIONAL WILDLIFE REFUGE  ,48.64171,46.3565,46.17351,81.04632,81.13175,80.87106,66.01942,39.78495,27.71084,27.18447,21.50538,3.614458
FISH SPRINGS NATIONAL WILDLIFE REFUGE  ,90.62823,87.76995,88.02624,127.5311,127.0869,125.6556,31.06796,16.12903,4.819277,67.96117,54.83871,13.25301
FISHERMAN ISLAND NATIONAL WILDLIFE REFUGE  ,53.1854,50.5303,50.46377,90.91583,90.12497,90.26435,56.31068,23.65591,10.84337,27.18447,6.451613,1.204819
FLATTERY ROCKS NATIONAL WILDLIFE REFUGE  ,56.12543,57.92151,58.65027,118.6921,118.8519,117.1202,0.9708738,5.376344,2.409639,21.35922,20.43011,4.819277
FLINT HILLS NATIONAL WILDLIFE REFUGE  ,73.02843,73.64117,72.17648,100.3663,103.0359,103.3626,27.18447,31.1828,3.614458,0.9708738,3.225806,1.204819
FLORENCE LAKE NATIONAL WILDLIFE REFUGE  ,107.3894,111.7319,110.937,138.554,139.8582,139.0373,0.9708738,7.526882,1.204819,12.62136,25.80645,8.433735
FLORIDA PANTHER NATIONAL WILDLIFE REFUGE  ,15.83424,15.23539,15.11628,31.20456,30.43622,30.36687,76.69903,65.5914,53.01205,67.96117,43.01075,31.3253
FORT NIOBRARA NATIONAL WILDLIFE REFUGE  ,90.51165,91.9477,92.78939,123.7334,127.0881,127.0402,1.941748,5.376344,1.204819,0.9708738,9.677419,1.204819
FOX RIVER NATIONAL WILDLIFE REFUGE  ,98.26667,100.7667,102.2222,126.5,128.9333,129.4111,1.941748,1.075269,1.204819,0.9708738,1.075269,1.204819
FRANKLIN ISLAND NATIONAL WILDLIFE REFUGE  ,105.7119,106.5848,107.5554,138.8302,139.9038,140.5948,1.941748,1.075269,1.204819,0.9708738,1.075269,1.204819
FRANZ LAKE NATIONAL WILDLIFE REFUGE  ,75.33834,76.19156,74.7024,122.6308,121.9791,119.5611,18.4466,22.58065,7.228916,48.54369,41.93548,9.638554
GLACIAL RIDGE NATIONAL WILDLIFE REFUGE  ,108.5914,112.4334,112.1207,138.3641,139.6045,138.7961,0.9708738,1.075269,1.204819,12.62136,22.58065,6.024096
GRAND BAY NATIONAL WILDLIFE REFUGE  ,26.2,25.51667,25.95556,52.5,51.03333,50.87778,70.87379,56.98925,60.24096,75.72816,64.51613,60.24096
GRAND COTE NATIONAL WILDLIFE REFUGE  ,30.31809,28.7116,30.0262,58.69543,56.35965,56.77655,68.93204,60.21505,63.85542,72.81553,60.21505,51.80723
GRAVEL ISLAND NATIONAL WILDLIFE REFUGE  ,109.2971,112.7668,113.7342,144.1365,145.0963,144.6765,0.9708738,1.075269,1.204819,9.708738,15.05376,1.204819
GRAYS HARBOR NATIONAL WILDLIFE REFUGE  ,52.72718,53.62438,53.67146,107.1893,107.0645,105.2402,9.708738,8.602151,2.409639,23.30097,20.43011,7.228916
GRAYS LAKE NATIONAL WILDLIFE REFUGE  ,119.3385,120.541,119.7385,155.591,154.9843,153.9244,23.30097,44.08602,12.04819,80.58252,81.72043,61.44578
GREAT BAY NATIONAL WILDLIFE REFUGE  ,105.2179,106.3844,107.2547,135.4171,136.7283,137.3357,0.9708738,1.075269,1.204819,0.9708738,1.075269,1.204819
GREAT DISMAL SWAMP NATIONAL WILDLIFE REFUGE  ,52.87824,50.0751,50.10948,87.98803,87.3139,87.65125,51.45631,16.12903,8.433735,29.12621,4.301075,1.204819
GREAT MEADOWS NATIONAL WILDLIFE REFUGE  ,102.5455,103.1497,103.2709,130.2331,131.243,132.4036,3.883495,1.075269,1.204819,0.9708738,1.075269,1.204819
GREAT RIVER NATIONAL WILDLIFE REFUGE  ,80.73675,81.37021,80.82774,106.4522,109.1386,109.819,9.708738,13.97849,1.204819,0.9708738,1.075269,1.204819
GREAT SWAMP NATIONAL WILDLIFE REFUGE  ,86.8333,86.80358,86.82385,116.1953,117.0808,118.1068,9.708738,3.225806,1.204819,0.9708738,1.075269,1.204819
GREAT WHITE HERON NATIONAL WILDLIFE REFUGE  ,12.35992,12.05992,11.9249,26.20339,25.62195,25.47132,69.90291,63.44086,43.37349,72.81553,54.83871,39.75904
GREEN BAY NATIONAL WILDLIFE REFUGE  ,110.1546,113.7476,114.7447,145.8145,146.653,146.232,0.9708738,1.075269,1.204819,11.65049,15.05376,1.204819
GREEN CAY NATIONAL WILDLIFE REFUGE  ,NaN ,NaN ,NaN ,NaN ,NaN ,NaN ,NaN ,NaN ,NaN ,NaN ,NaN ,NaN 
GRULLA NATIONAL WILDLIFE REFUGE  ,51.77747,51.94282,52.36745,85.89654,87.0807,88.58383,12.62136,5.376344,3.614458,0.9708738,1.075269,1.204819
GUADALUPE-NIPOMO DUNES NATIONAL WILDLIFE REFUGE  ,25.62315,26.35529,26.60188,52.12944,53.07597,53.39212,0.9708738,2.150538,1.204819,1.941748,3.225806,2.409639
HACKMATACK NATIONAL WILDLIFE REFUGE  ,93.93333,95.58333,96.03333,121.6,124.35,125.0111,2.912621,1.075269,1.204819,0.9708738,1.075269,1.204819
HAGERMAN NATIONAL WILDLIFE REFUGE  ,42.19947,39.55382,39.39802,71.09439,70.75752,70.35574,77.6699,50.53763,32.53012,36.8932,16.12903,1.204819
HAILSTONE NATIONAL WILDLIFE REFUGE  ,104.7829,106.6372,105.6517,145.4362,145.5572,144.2772,6.796117,19.35484,2.409639,42.71845,48.3871,13.25301
HAKALAU FOREST NATIONAL WILDLIFE REFUGE  ,15.37508,15.59803,15.67085,30.04411,30.43148,30.59002,3.883495,1.075269,8.433735,2.912621,1.075269,3.614458
HALFBREED LAKE NATIONAL WILDLIFE REFUGE  ,104.4726,106.4353,105.5037,145.1277,145.2863,144.04,6.796117,19.35484,2.409639,39.80583,48.3871,12.04819
HAMDEN SLOUGH NATIONAL WILDLIFE REFUGE  ,107.4755,111.2807,111.1685,136.9877,138.5853,137.8532,0.9708738,1.075269,1.204819,9.708738,22.58065,6.024096
HANALEI NATIONAL WILDLIFE REFUGE  ,10.3,10.35,10.2,22.23333,22.35,22.18889,25.24272,26.88172,14.45783,19.41748,22.58065,12.04819
HANDY BRAKE NATIONAL WILDLIFE REFUGE  ,37.15357,34.35469,35.15515,66.59468,64.39306,64.54192,80.58252,64.51613,60.24096,66.99029,53.76344,44.57831
HARBOR ISLAND NATIONAL WILDLIFE REFUGE  ,113.7667,117.3397,117.9016,147.3783,148.2291,147.911,0.9708738,1.075269,1.204819,9.708738,17.2043,3.614458
HARRIS NECK NATIONAL WILDLIFE REFUGE  ,28,27.83333,28.06667,57.26667,54.96667,54.63333,63.1068,56.98925,60.24096,83.49515,61.29032,59.03614
HART MOUNTAIN NATIONAL ANTELOPE REFUGE  ,109.4467,106.0858,104.1971,147.0367,145.6665,143.8089,94.17476,46.23656,18.07229,98.05825,94.62366,65.06024
HATCHIE NATIONAL WILDLIFE REFUGE  ,52.5516,51.32529,50.93836,84.11501,85.1532,84.83544,62.13592,49.46237,38.55422,13.59223,17.2043,6.024096
HAVASU NATIONAL WILDLIFE REFUGE  ,27.22373,26.89823,27.63812,52.93572,52.34453,52.84289,9.708738,1.075269,2.409639,15.53398,8.602151,4.819277
HAWAIIAN ISLANDS NATIONAL WILDLIFE REFUGE  ,NaN ,NaN ,NaN ,NaN ,NaN ,NaN ,NaN ,NaN ,NaN ,NaN ,NaN ,NaN 
HEWITT LAKE NATIONAL WILDLIFE REFUGE  ,104.4716,106.5511,105.0455,137.8887,138.384,137.26,11.65049,23.65591,3.614458,36.8932,38.70968,16.86747
HILLSIDE NATIONAL WILDLIFE REFUGE  ,39.73934,37.23751,37.81576,69.61007,68.14741,68.28355,77.6699,63.44086,60.24096,59.2233,49.46237,40.96386
HOBART LAKE NATIONAL WILDLIFE REFUGE  ,107.1516,110.7469,110.3327,136.6961,138.0663,137.3265,0.9708738,3.225806,1.204819,12.62136,23.65591,10.84337
HOBE SOUND NATIONAL WILDLIFE REFUGE  ,15.05418,14.58612,14.62802,30.44794,29.63891,29.77618,68.93204,49.46237,50.60241,62.13592,37.63441,31.3253
HOLLA BEND NATIONAL WILDLIFE REFUGE  ,51.19983,50.58169,50.04859,82.47359,83.99028,83.388,51.45631,39.78495,19.27711,4.854369,13.97849,1.204819
HOLT COLLIER NATIONAL WILDLIFE REFUGE  ,41.58239,38.76149,39.1374,71.15734,69.80482,69.86673,78.64078,64.51613,60.24096,58.25243,46.23656,32.53012
HOPPER MOUNTAIN NATIONAL WILDLIFE REFUGE  ,30.10604,30.61213,30.79996,64.06339,64.21843,63.53723,1.941748,2.150538,1.204819,19.41748,21.50538,8.433735
HORICON NATIONAL WILDLIFE REFUGE  ,98.45714,100.9254,102,127.3889,129.854,130.173,1.941748,1.075269,1.204819,0.9708738,1.075269,1.204819
HOWLAND ISLAND NATIONAL WILDLIFE REFUGE  ,NaN ,NaN ,NaN ,NaN ,NaN ,NaN ,NaN ,NaN ,NaN ,NaN ,NaN ,NaN 
HULEIA NATIONAL WILDLIFE REFUGE  ,10.3,10.35,10.2,22.23333,22.35,22.18889,25.24272,26.88172,14.45783,19.41748,22.58065,12.04819
HUMBOLDT BAY NATIONAL WILDLIFE REFUGE  ,34.3841,35.20579,35.42585,72.54196,72.04547,71.57248,0.9708738,1.075269,1.204819,26.21359,19.35484,9.638554
HURON NATIONAL WILDLIFE REFUGE  ,111.4591,115.9124,116.3301,146.7649,147.5839,146.8191,0.9708738,1.075269,1.204819,13.59223,23.65591,2.409639
HUTTON LAKE NATIONAL WILDLIFE REFUGE  ,114.4935,116.0207,115.9494,151.4464,152.0974,151.6845,5.825243,7.526882,3.614458,14.56311,10.75269,1.204819
IMPERIAL NATIONAL WILDLIFE REFUGE  ,24.18575,23.98598,24.32623,45.69984,45.74414,46.21547,13.59223,3.225806,8.433735,5.825243,3.225806,2.409639
INNOKO NATIONAL WILDLIFE REFUGE  ,132.315,133.5395,135.0248,157.8109,158.7948,160.1334,0.9708738,1.075269,4.819277,1.941748,1.075269,2.409639
IROQUOIS NATIONAL WILDLIFE REFUGE  ,102.5173,104.1798,105.1936,134.0595,135.939,136.3582,0.9708738,1.075269,1.204819,0.9708738,1.075269,1.204819
ISLAND BAY NATIONAL WILDLIFE REFUGE  ,13.32784,13.02219,12.99452,27.96579,27.39303,27.35471,58.25243,36.55914,31.3253,61.16505,41.93548,30.12048
IZEMBEK NATIONAL WILDLIFE REFUGE  ,144.0283,143.7521,144.8117,187.5588,185.7548,186.4315,25.24272,11.82796,12.04819,41.74757,18.27957,13.25301
J. CLARK SALYER NATIONAL WILDLIFE REFUGE  ,110.033,114.3242,113.7328,141.2518,142.2901,141.6136,0.9708738,5.376344,1.204819,13.59223,23.65591,8.433735
J. N. DING DARLING NATIONAL WILDLIFE REFUGE  ,13.56438,13.22518,13.15633,28.21749,27.63266,27.56117,63.1068,43.01075,32.53012,63.1068,44.08602,31.3253
JAMES CAMPBELL NATIONAL WILDLIFE REFUGE  ,10.07227,10.17365,10.0843,21.75006,21.9334,21.84544,20.38835,22.58065,12.04819,14.56311,16.12903,9.638554
JAMES RIVER NATIONAL WILDLIFE REFUGE  ,58.42984,57.14718,57.67862,93.22751,93.42206,93.81321,33.00971,9.677419,7.228916,13.59223,4.301075,1.204819
JARVIS ISLAND NATIONAL WILDLIFE REFUGE  ,NaN ,NaN ,NaN ,NaN ,NaN ,NaN ,NaN ,NaN ,NaN ,NaN ,NaN ,NaN 
JOHN H. CHAFEE NATIONAL WILDLIFE REFUGE  ,97.36667,96.76667,97.36667,127.5,128.1167,129.2333,10.67961,1.075269,1.204819,0.9708738,1.075269,1.204819
JOHN HAY NATIONAL WILDLIFE REFUGE  ,107.0675,108.9425,109.9389,137.2075,138.6667,138.9611,0.9708738,1.075269,1.204819,0.9708738,1.075269,1.204819
JOHN HEINZ NATIONAL WILDLIFE REFUGE AT TINICUM  ,80.80518,81.07965,81.07598,111.4552,112.0452,113.116,8.737864,5.376344,1.204819,0.9708738,1.075269,1.204819
JOHN W. AND LOUISE SEIER NATIONAL WILDLIFE REFUGE  ,91.7628,92.88765,93.54419,121.5717,125.2519,125.1569,3.883495,5.376344,1.204819,0.9708738,8.602151,1.204819
JOHNSON LAKE NATIONAL WILDLIFE REFUGE  ,107.9333,112.5833,112.0778,138.8333,140.1833,139.3333,0.9708738,1.075269,1.204819,12.62136,24.73118,7.228916
JOHNSTON ATOLL NATIONAL WILDLIFE REFUGE  ,NaN ,NaN ,NaN ,NaN ,NaN ,NaN ,NaN ,NaN ,NaN ,NaN ,NaN ,NaN 
JULIA BUTLER HANSEN REFUGE FOR THE COLUMBIAN WHITE-TAILED DEER  ,53.32529,54.16429,54.81047,108.5998,108.1541,106.0525,9.708738,7.526882,4.819277,24.27184,22.58065,7.228916
KAKAHAIA NATIONAL WILDLIFE REFUGE  ,10.36179,10.40468,10.3454,22.15855,22.33395,22.26383,25.24272,24.73118,14.45783,14.56311,18.27957,9.638554
KANKAKEE NATIONAL WILDLIFE REFUGE AND CONSERVATION AREA  ,86.97288,88.94413,88.64308,113.0453,116.5301,117.6584,0.9708738,3.225806,1.204819,0.9708738,1.075269,1.204819
KANUTI NATIONAL WILDLIFE REFUGE  ,134.2397,135.3524,136.4741,156.9609,158.2857,159.2219,2.912621,2.150538,3.614458,0.9708738,1.075269,1.204819
KARL E. MUNDT NATIONAL WILDLIFE REFUGE  ,93.48503,95.26884,95.83896,121.6946,125.3585,125.253,1.941748,4.301075,1.204819,0.9708738,7.526882,2.409639
KEALIA POND NATIONAL WILDLIFE REFUGE  ,10.46667,10.48333,10.44444,22.33333,22.5,22.44444,28.15534,25.80645,15.66265,16.50485,16.12903,10.84337
KELLYS SLOUGH NATIONAL WILDLIFE REFUGE  ,109.1224,113.1287,112.8371,139.0312,140.1288,139.4332,0.9708738,1.075269,1.204819,12.62136,22.58065,9.638554
KENAI NATIONAL WILDLIFE REFUGE  ,132.9106,132.6527,133.8873,167.5271,166.7324,168.0891,11.65049,1.075269,8.433735,16.50485,8.602151,7.228916
KERN NATIONAL WILDLIFE REFUGE  ,29.13093,29.5691,30.05657,60.41158,59.93392,59.8364,1.941748,1.075269,2.409639,22.3301,18.27957,8.433735
KEY CAVE NATIONAL WILDLIFE REFUGE  ,47.70545,45.47561,45.2269,79.44314,79.02206,78.92252,67.96117,47.31183,36.14458,27.18447,20.43011,2.409639
KEY WEST NATIONAL WILDLIFE REFUGE  ,NaN ,NaN ,NaN ,NaN ,NaN ,NaN ,NaN ,NaN ,NaN ,NaN ,NaN ,NaN 
KILAUEA POINT NATIONAL WILDLIFE REFUGE  ,10.3,10.35,10.2,22.23333,22.35,22.18889,25.24272,26.88172,14.45783,19.41748,22.58065,12.04819
KINGMAN REEF NATIONAL WILDLIFE REFUGE  ,NaN ,NaN ,NaN ,NaN ,NaN ,NaN ,NaN ,NaN ,NaN ,NaN ,NaN ,NaN 
KIRWIN NATIONAL WILDLIFE REFUGE  ,76.24978,78.32279,77.20339,107.9653,110.9843,110.9479,6.796117,13.97849,1.204819,0.9708738,7.526882,1.204819
KLAMATH MARSH NATIONAL WILDLIFE REFUGE  ,110.9459,108.0042,105.8118,151.55,149.8679,148.0878,93.20388,60.21505,13.25301,99.02913,97.84946,72.28916
KODIAK NATIONAL WILDLIFE REFUGE  ,128.7026,128.0236,129.2542,168.9015,167.488,168.6965,26.21359,7.526882,10.84337,16.50485,8.602151,9.638554
KOFA NATIONAL WILDLIFE REFUGE  ,24.88557,24.66938,25.00557,47.65403,47.47354,47.88433,12.62136,3.225806,6.024096,8.737864,5.376344,4.819277
KOOTENAI NATIONAL WILDLIFE REFUGE  ,113.0058,113.1093,111.8203,146.7953,146.0766,145.8008,42.71845,38.70968,8.433735,53.39806,47.31183,38.55422
KOYUKUK NATIONAL WILDLIFE REFUGE  ,135.7212,136.7953,137.9278,159.1458,160.249,161.2771,3.883495,1.075269,9.638554,1.941748,1.075269,1.204819
LACASSINE NATIONAL WILDLIFE REFUGE  ,23.26428,22.72071,24.30469,48.20275,46.79772,47.7179,44.66019,26.88172,48.19277,64.07767,48.3871,45.78313
LACREEK NATIONAL WILDLIFE REFUGE  ,92.03209,93.22424,94.16976,126.2745,129.2148,129.0393,3.883495,5.376344,1.204819,0.9708738,16.12903,8.433735
LAGUNA ATASCOSA NATIONAL WILDLIFE REFUGE  ,16.196,15.60713,17.30582,33.81333,32.50626,34.40493,23.30097,1.075269,28.91566,33.00971,2.150538,28.91566
LAGUNA CARTAGENA NATIONAL WILDLIFE REFUGE  ,7.28068,7.170786,7.240751,17.49575,17.47909,17.58551,18.4466,5.376344,4.819277,10.67961,4.301075,4.819277
LAKE ALICE NATIONAL WILDLIFE REFUGE  ,111.6577,115.6597,115.0782,142.1167,143.1045,142.2915,0.9708738,9.677419,1.204819,13.59223,24.73118,10.84337
LAKE ANDES NATIONAL WILDLIFE REFUGE  ,94.37484,96.41289,97.09247,122.5315,126.1742,126.1111,1.941748,2.150538,1.204819,0.9708738,6.451613,1.204819
LAKE GEORGE NATIONAL WILDLIFE REFUGE  ,106.2888,110.5954,110.085,137.1595,138.5919,137.9013,0.9708738,5.376344,1.204819,12.62136,24.73118,13.25301
LAKE ILO NATIONAL WILDLIFE REFUGE  ,105.0886,109.1855,108.3806,138.7687,140.1278,139.157,0.9708738,10.75269,1.204819,12.62136,25.80645,8.433735
LAKE ISOM NATIONAL WILDLIFE REFUGE  ,59.46667,58.13333,58.64444,89.3,90.95,90.54444,40.7767,29.03226,28.91566,2.912621,10.75269,1.204819
LAKE MASON NATIONAL WILDLIFE REFUGE  ,98.94652,100.4187,99.31499,137.6887,138.3091,137.01,10.67961,19.35484,4.819277,41.74757,49.46237,15.66265
LAKE NETTIE NATIONAL WILDLIFE REFUGE  ,107.2502,111.4088,110.6337,138.6664,139.9914,139.1941,0.9708738,8.602151,1.204819,12.62136,24.73118,8.433735
LAKE OPHELIA NATIONAL WILDLIFE REFUGE  ,30.33362,28.80418,30.06792,58.66999,56.37279,56.76466,68.93204,60.21505,63.85542,72.81553,61.29032,53.01205
LAKE THIBADEAU NATIONAL WILDLIFE REFUGE  ,106.343,107.698,106.3618,142.2427,141.8414,140.5072,13.59223,22.58065,3.614458,60.19417,47.31183,19.27711
LAKE WALES RIDGE NATIONAL WILDLIFE REFUGE  ,18.37767,17.63009,17.98336,36.06524,35.1929,35.6052,53.39806,18.27957,28.91566,54.36893,18.27957,28.91566
LAKE WOODRUFF NATIONAL WILDLIFE REFUGE  ,20.27962,19.7275,20.15679,40.61338,39.64045,40.15426,52.42718,23.65591,33.73494,59.2233,37.63441,42.16867
LAKE ZAHL NATIONAL WILDLIFE REFUGE  ,108.0026,111.8911,110.9651,140.767,141.8274,140.8621,0.9708738,10.75269,1.204819,16.50485,24.73118,8.433735
LAS VEGAS NATIONAL WILDLIFE REFUGE  ,82.7098,81.59114,83.16672,120.0089,120.9153,121.5746,14.56311,1.075269,1.204819,2.912621,1.075269,1.204819
LEE METCALF NATIONAL WILDLIFE REFUGE  ,121.3284,122.1509,120.2531,159.9681,158.2656,156.9421,56.31068,78.49462,45.78313,90.29126,87.09677,60.24096
LESLIE CANYON NATIONAL WILDLIFE REFUGE  ,35.5,34.96667,36.23333,71.63333,71.01667,72.22222,10.67961,1.075269,4.819277,9.708738,1.075269,4.819277
LEWIS AND CLARK NATIONAL WILDLIFE REFUGE  ,48.26251,49.15727,50.04678,104.0376,103.6843,101.6513,8.737864,4.301075,2.409639,24.27184,22.58065,7.228916
LITTLE GOOSE NATIONAL WILDLIFE REFUGE  ,108.9897,113.103,112.7617,139.0874,140.2348,139.5155,0.9708738,1.075269,1.204819,12.62136,22.58065,8.433735
LITTLE PEND OREILLE NATIONAL WILDLIFE REFUGE  ,108.6457,107.6597,106.1289,140.683,140.2809,139.7319,58.25243,36.55914,8.433735,57.28155,54.83871,42.16867
LITTLE RIVER NATIONAL WILDLIFE REFUGE  ,41.82533,38.99474,39.22995,71.37554,70.7946,70.56967,77.6699,40.86022,32.53012,35.92233,15.05376,1.204819
LITTLE SANDY NATIONAL WILDLIFE REFUGE  ,36.33352,34.15619,34.61834,65.4699,64.15771,63.96984,73.78641,35.48387,36.14458,42.71845,21.50538,7.228916
LOGAN CAVE NATIONAL WILDLIFE REFUGE  ,57.38082,56.7131,56.14139,87.80327,89.85599,89.27733,33.00971,22.58065,1.204819,1.941748,13.97849,1.204819
LONG LAKE NATIONAL WILDLIFE REFUGE  ,104.9618,108.6708,108.3704,136.1871,137.6488,136.9807,0.9708738,4.301075,1.204819,12.62136,24.73118,13.25301
LOST TRAIL NATIONAL WILDLIFE REFUGE  ,117.5792,118.1845,116.8593,153.5708,152.5892,151.9012,39.80583,41.93548,10.84337,55.33981,50.53763,37.3494
LOSTWOOD NATIONAL WILDLIFE REFUGE  ,109.7986,114.1307,113.1753,142.1268,143.1267,142.1718,0.9708738,11.82796,1.204819,14.56311,24.73118,10.84337
LOWER HATCHIE NATIONAL WILDLIFE REFUGE  ,52.47518,51.39111,50.96989,83.90989,85.03216,84.64944,62.13592,48.3871,37.3494,14.56311,18.27957,2.409639
LOWER KLAMATH NATIONAL WILDLIFE REFUGE  ,101.8923,98.79696,97.32913,144.0905,142.5715,140.4356,71.84466,23.65591,10.84337,99.02913,98.92473,73.49398
LOWER RIO GRANDE VALLEY NATIONAL WILDLIFE REFUGE  ,16.75232,16.35998,18.05031,35.03061,33.96608,35.74826,16.50485,2.150538,9.638554,29.12621,2.150538,20.48193
LOWER SUWANNEE NATIONAL WILDLIFE REFUGE  ,21.65276,21.02869,21.27871,43.54438,42.0156,42.39066,68.93204,41.93548,50.60241,72.81553,52.68817,48.19277
MACKAY ISLAND NATIONAL WILDLIFE REFUGE  ,48.67386,45.90473,45.66157,85.37108,83.99372,83.99351,60.19417,32.25806,24.09639,41.74757,10.75269,1.204819
MALHEUR NATIONAL WILDLIFE REFUGE  ,108.1334,105.1843,103.4641,145.6059,144.1221,142.3759,91.26214,48.3871,18.07229,99.02913,100,74.6988
MANDALAY NATIONAL WILDLIFE REFUGE  ,21.49121,21.48693,22.73509,45.16091,44.48185,45.19369,33.00971,27.95699,45.78313,63.1068,50.53763,50.60241
MARAIS DES CYGNES NATIONAL WILDLIFE REFUGE  ,71.98275,72.24592,71.24794,99.88124,102.3061,102.5881,29.12621,25.80645,3.614458,0.9708738,3.225806,1.204819
MARIN ISLANDS NATIONAL WILDLIFE REFUGE  ,29.00661,29.41059,29.72516,59.14708,59.65046,59.51868,0.9708738,1.075269,1.204819,6.796117,11.82796,3.614458
MARTIN NATIONAL WILDLIFE REFUGE  ,59.45142,57.83479,57.96083,96.60578,96.19458,96.45107,39.80583,10.75269,6.024096,14.56311,4.301075,1.204819
MASHPEE NATIONAL WILDLIFE REFUGE  ,93.46667,93.46667,94.24444,129.0667,129.5667,131,6.796117,1.075269,1.204819,0.9708738,1.075269,1.204819
MASON NECK NATIONAL WILDLIFE REFUGE  ,68.12464,67.97752,68.0778,101.0823,101.3777,101.7324,29.12621,10.75269,4.819277,4.854369,4.301075,1.204819
MASSASOIT NATIONAL WILDLIFE REFUGE  ,94.99328,94.93221,95.61018,129.6144,130.1991,131.6379,5.825243,1.075269,1.204819,0.9708738,1.075269,1.204819
MATHEWS BRAKE NATIONAL WILDLIFE REFUGE  ,42.29063,39.41667,39.71416,71.82907,70.52918,70.57739,78.64078,64.51613,60.24096,55.33981,44.08602,28.91566
MATLACHA PASS NATIONAL WILDLIFE REFUGE  ,14.0694,13.67549,13.59822,28.89505,28.27235,28.20366,65.04854,48.3871,37.3494,63.1068,44.08602,28.91566
MATTAMUSKEET NATIONAL WILDLIFE REFUGE  ,43.71827,41.14694,40.85288,78.82225,76.64379,76.28686,66.01942,54.83871,33.73494,44.66019,18.27957,1.204819
MAXWELL NATIONAL WILDLIFE REFUGE  ,86.2,85.16667,87.43333,124.0667,125.15,125.5444,14.56311,1.075269,2.409639,2.912621,2.150538,1.204819
MCFADDIN NATIONAL WILDLIFE REFUGE  ,20.41824,20.09675,21.61484,43.50209,42.30613,43.35033,25.24272,2.150538,39.75904,62.13592,33.33333,40.96386
MCKAY CREEK NATIONAL WILDLIFE REFUGE  ,92.77226,92.92725,90.93393,132.6006,131.8581,129.9234,34.95146,33.33333,13.25301,83.49515,77.41935,57.83133
MCLEAN NATIONAL WILDLIFE REFUGE  ,106.6062,110.7044,109.919,139.0771,140.4092,139.5448,0.9708738,7.526882,1.204819,13.59223,24.73118,8.433735
MCNARY NATIONAL WILDLIFE REFUGE  ,79.4361,80.52654,78.92614,118.287,118.3686,116.1724,16.50485,25.80645,8.433735,49.51456,44.08602,9.638554
MEDICINE LAKE NATIONAL WILDLIFE REFUGE  ,106.2986,110.2548,109.0628,139.4688,140.6644,139.6451,1.941748,16.12903,1.204819,16.50485,31.1828,9.638554
MERCED NATIONAL WILDLIFE REFUGE  ,32.66908,33.07256,34.24296,69.84389,69.80642,69.20975,3.883495,1.075269,1.204819,18.4466,20.43011,8.433735
MEREDOSIA NATIONAL WILDLIFE REFUGE  ,80.35143,81.34454,80.78597,106.1043,108.9371,109.6686,5.825243,12.90323,1.204819,0.9708738,1.075269,1.204819
MERRITT ISLAND NATIONAL WILDLIFE REFUGE  ,15.7233,15.07286,15.28264,31.75542,30.8225,31.23322,64.07767,35.48387,48.19277,60.19417,34.4086,33.73494
MICHIGAN ISLANDS NATIONAL WILDLIFE REFUGE  ,107.907,111.2027,112.297,142.2734,143.5159,143.2779,0.9708738,1.075269,1.204819,5.825243,6.451613,1.204819
MIDDLE MISSISSIPPI RIVER NATIONAL WILDLIFE REFUGE  ,69.58769,68.54014,68.69078,97.64826,99.68262,100.281,32.03883,11.82796,1.204819,0.9708738,1.075269,1.204819
MIDWAY ATOLL NATIONAL WILDLIFE REFUGE  ,NaN ,NaN ,NaN ,NaN ,NaN ,NaN ,NaN ,NaN ,NaN ,NaN ,NaN ,NaN 
MILLE LACS NATIONAL WILDLIFE REFUGE  ,106.2226,109.8711,110.405,136.9456,138.629,138.1008,0.9708738,1.075269,1.204819,6.796117,19.35484,1.204819
MINGO NATIONAL WILDLIFE REFUGE  ,63.24354,61.94794,62.32584,92.47427,94.34148,94.46297,37.86408,13.97849,6.024096,0.9708738,6.451613,1.204819
MINIDOKA NATIONAL WILDLIFE REFUGE  ,103.9832,103.525,102.6464,140.1379,139.2067,137.7052,27.18447,19.35484,7.228916,85.43689,82.7957,59.03614
MINNESOTA VALLEY NATIONAL WILDLIFE REFUGE  ,102.1672,104.5177,105.1942,129.1647,131.6403,131.5319,1.941748,1.075269,1.204819,0.9708738,2.150538,1.204819
MISSISQUOI NATIONAL WILDLIFE REFUGE  ,112.3107,113.9929,114.5069,141.3689,142.4981,142.4417,0.9708738,1.075269,2.409639,1.941748,8.602151,4.819277
MISSISSIPPI SANDHILL CRANE NATIONAL WILDLIFE REFUGE  ,26.20388,25.50116,25.97106,52.55038,51.07597,50.94108,69.90291,56.98925,60.24096,74.75728,64.51613,60.24096
MOAPA VALLEY NATIONAL WILDLIFE REFUGE  ,38.42506,38.54118,40.06217,74.81326,74.2059,74.38269,5.825243,1.075269,1.204819,16.50485,15.05376,6.024096
MODOC NATIONAL WILDLIFE REFUGE  ,104.9667,101.7333,100.2,143.0333,142.1,140.1667,87.37864,31.1828,15.66265,96.1165,98.92473,72.28916
MONOMOY NATIONAL WILDLIFE REFUGE  ,93.46667,93.46667,94.24444,129.0667,129.5667,131,6.796117,1.075269,1.204819,0.9708738,1.075269,1.204819
MONTE VISTA NATIONAL WILDLIFE REFUGE  ,116.9536,117.9749,118.0677,153.203,153.7114,154.1825,5.825243,5.376344,1.204819,6.796117,3.225806,1.204819
MONTEZUMA NATIONAL WILDLIFE REFUGE  ,102.1161,104.08,104.4593,132.2069,134.2202,134.6367,0.9708738,1.075269,1.204819,0.9708738,1.075269,1.204819
MOODY NATIONAL WILDLIFE REFUGE  ,20.68558,20.21051,21.6972,43.72528,42.44285,43.44386,28.15534,4.301075,38.55422,62.13592,30.10753,40.96386
MOOSEHORN NATIONAL WILDLIFE REFUGE  ,114.5271,115.2722,116.0809,146.8934,147.5668,147.4819,0.9708738,1.075269,1.204819,4.854369,4.301075,1.204819
MORGAN BRAKE NATIONAL WILDLIFE REFUGE  ,41.53829,38.88198,39.27185,71.33212,70.02034,70.10557,78.64078,64.51613,60.24096,54.36893,45.16129,30.12048
MORTENSON LAKE NATIONAL WILDLIFE REFUGE  ,115.1746,116.7309,116.6537,152.2089,152.7615,152.3325,5.825243,8.602151,3.614458,15.53398,10.75269,1.204819
MOUNTAIN BOGS NATIONAL WILDLIFE REFUGE  ,69.26667,70.23333,70.27778,103.2,104.6,106,20.38835,26.88172,20.48193,0.9708738,1.075269,1.204819
MOUNTAIN LONGLEAF NATIONAL WILDLIFE REFUGE  ,43.00404,41.14428,41.1141,74.93205,74.09522,73.78667,70.87379,61.29032,48.19277,37.86408,32.25806,14.45783
MULESHOE NATIONAL WILDLIFE REFUGE  ,47.97368,48.00238,48.17021,80.62918,81.97161,82.69185,20.38835,8.602151,2.409639,0.9708738,4.301075,1.204819
MUSCATATUCK NATIONAL WILDLIFE REFUGE  ,77.52385,77.97184,77.57581,104.6163,107.304,108.3865,12.62136,10.75269,1.204819,0.9708738,1.075269,1.204819
NANSEMOND NATIONAL WILDLIFE REFUGE  ,53.33611,50.61208,50.62009,88.50312,87.88286,88.21124,51.45631,16.12903,7.228916,27.18447,4.301075,1.204819
NANTUCKET NATIONAL WILDLIFE REFUGE  ,93.46667,93.46667,94.24444,129.0667,129.5667,131,6.796117,1.075269,1.204819,0.9708738,1.075269,1.204819
NATIONAL BISON RANGE  ,114.0155,114.5023,112.5541,150.3654,149.4946,148.6157,33.98058,39.78495,8.433735,56.31068,51.6129,36.14458
NATIONAL ELK REFUGE  ,133.7957,134.1401,132.4854,170.9818,170.8337,169.1622,75.72816,93.54839,73.49398,82.52427,92.47312,89.15663
NATIONAL KEY DEER REFUGE  ,12.33333,12.03333,11.9,26.16667,25.58333,25.43333,69.90291,65.5914,45.78313,72.81553,55.91398,42.16867
NAVASSA ISLAND NATIONAL WILDLIFE REFUGE  ,5.5,5.35,5.388889,15.03333,14.81667,14.84444,24.27184,12.90323,8.433735,23.30097,16.12903,8.433735
NEAL SMITH NATIONAL WILDLIFE REFUGE  ,90.12695,91.25638,91.01548,115.3571,118.4785,119.0846,0.9708738,7.526882,1.204819,0.9708738,1.075269,1.204819
NECEDAH NATIONAL WILDLIFE REFUGE  ,100.9933,103.5488,104.7098,129.6306,131.8228,131.9108,1.941748,1.075269,1.204819,0.9708738,1.075269,1.204819
NECHES RIVER NATIONAL WILDLIFE REFUGE  ,32.61498,30.73579,31.4527,61.12107,59.42905,59.47537,67.96117,33.33333,39.75904,52.42718,24.73118,10.84337
NESTUCCA BAY NATIONAL WILDLIFE REFUGE  ,47.17657,47.98054,48.92104,101.2158,100.7592,98.73759,7.76699,4.301075,2.409639,25.24272,22.58065,6.024096
NINIGRET NATIONAL WILDLIFE REFUGE  ,97.37552,96.78076,97.37016,127.4613,128.0808,129.1877,10.67961,1.075269,1.204819,0.9708738,1.075269,1.204819
NOMANS LAND ISLAND NATIONAL WILDLIFE REFUGE  ,94.25479,94.13354,94.87539,128.7501,129.2736,130.643,6.796117,1.075269,1.204819,0.9708738,1.075269,1.204819
NORTH PLATTE NATIONAL WILDLIFE REFUGE  ,91.85981,92.36791,93.54422,130.535,132.0687,131.6416,6.796117,4.301075,2.409639,9.708738,25.80645,9.638554
NORTHERN TALLGRASS PRAIRIE NATIONAL WILDLIFE REFUGE  ,102.7057,105.5541,105.841,130.1133,132.6996,132.4552,0.9708738,1.075269,1.204819,0.9708738,10.75269,1.204819
NOWITNA NATIONAL WILDLIFE REFUGE  ,129.2338,131.0472,132.6534,154.0931,155.3246,156.6202,0.9708738,1.075269,2.409639,1.941748,1.075269,1.204819
OAHU FOREST NATIONAL WILDLIFE REFUGE  ,10.10232,10.19834,10.11078,21.7887,21.97204,21.88479,22.3301,22.58065,14.45783,14.56311,16.12903,9.638554
OCCOQUAN BAY NATIONAL WILDLIFE REFUGE  ,68.50217,68.29924,68.33715,101.1217,101.4581,101.821,31.06796,11.82796,4.819277,4.854369,4.301075,1.204819
OHIO RIVER ISLANDS NATIONAL WILDLIFE REFUGE  ,80.68839,81.24761,80.7331,109.3815,111.5279,112.4696,25.24272,27.95699,9.638554,0.9708738,1.075269,1.204819
OKEFENOKEE NATIONAL WILDLIFE REFUGE  ,26.95921,26.44996,26.54418,54.22885,51.85368,51.61065,70.87379,61.29032,60.24096,83.49515,60.21505,62.6506
OPTIMA NATIONAL WILDLIFE REFUGE  ,63.03878,62.71729,62.59804,95.03835,97.5938,98.72402,23.30097,10.75269,3.614458,0.9708738,1.075269,1.204819
OREGON ISLANDS NATIONAL WILDLIFE REFUGE  ,36.56654,37.55801,38.06685,83.39669,83.61191,82.42511,3.883495,3.225806,1.204819,23.30097,20.43011,8.433735
OTTAWA NATIONAL WILDLIFE REFUGE  ,91.26709,93.0828,92.66245,120.5684,123.0243,123.7193,2.912621,5.376344,1.204819,0.9708738,1.075269,1.204819
OURAY NATIONAL WILDLIFE REFUGE  ,102.8789,103.022,103.3344,138.7952,138.5829,137.6335,14.56311,8.602151,1.204819,72.81553,61.29032,37.3494
OVERFLOW NATIONAL WILDLIFE REFUGE  ,39.92255,37.19788,37.77144,69.67032,68.05272,68.14479,77.6699,64.51613,60.24096,60.19417,47.31183,39.75904
OXBOW NATIONAL WILDLIFE REFUGE  ,102.6671,103.3007,103.4119,130.2001,131.217,132.3668,3.883495,1.075269,1.204819,0.9708738,1.075269,1.204819
OYSTER BAY NATIONAL WILDLIFE REFUGE  ,87.00672,87.15825,87.08167,119.1454,120.0058,120.9097,6.796117,4.301075,1.204819,0.9708738,1.075269,1.204819
OZARK CAVEFISH NATIONAL WILDLIFE REFUGE  ,62.32808,61.83874,61.30029,93.06986,94.94774,94.87059,33.98058,17.2043,1.204819,0.9708738,8.602151,1.204819
OZARK PLATEAU NATIONAL WILDLIFE REFUGE  ,55.74819,55.39406,54.82309,86.31718,88.27621,87.81948,37.86408,23.65591,1.204819,1.941748,12.90323,1.204819
PAHRANAGAT NATIONAL WILDLIFE REFUGE  ,69.58134,69.79519,69.87832,108.0086,107.7165,107.3667,14.56311,11.82796,2.409639,19.41748,11.82796,1.204819
PALMYRA ATOLL NATIONAL WILDLIFE REFUGE  ,NaN ,NaN ,NaN ,NaN ,NaN ,NaN ,NaN ,NaN ,NaN ,NaN ,NaN ,NaN 
PANTHER SWAMP NATIONAL WILDLIFE REFUGE  ,37.76205,35.44097,36.22595,67.712,66.0921,66.28448,75.72816,62.36559,60.24096,61.16505,50.53763,44.57831
PARKER RIVER NATIONAL WILDLIFE REFUGE  ,100.3808,100.441,100.8399,131.3514,132.2442,133.5752,5.825243,1.075269,1.204819,0.9708738,1.075269,1.204819
PASSAGE KEY NATIONAL WILDLIFE REFUGE  ,16.3,15.76667,16.13333,32.73333,31.86667,32.25556,52.42718,29.03226,51.80723,57.28155,20.43011,28.91566
PATHFINDER NATIONAL WILDLIFE REFUGE  ,109.9806,111.7758,111.624,147.237,147.8923,147.0269,3.883495,9.677419,3.614458,32.03883,46.23656,6.024096
PATOKA RIVER NATIONAL WILDLIFE REFUGE  ,71.50233,70.65582,70.8612,99.25794,101.3533,102.3782,29.12621,9.677419,1.204819,0.9708738,1.075269,1.204819
PATUXENT RESEARCH REFUGE  ,73.63168,73.92421,74.0343,105.9446,106.28,106.9924,22.3301,5.376344,1.204819,1.941748,1.075269,1.204819
PEA ISLAND NATIONAL WILDLIFE REFUGE  ,40.3531,37.75383,37.66074,75.83996,72.89724,72.70127,70.87379,61.29032,43.37349,49.51456,21.50538,9.638554
PEARL HARBOR NATIONAL WILDLIFE REFUGE  ,10.00459,10.11806,10.02468,21.66304,21.84638,21.7568,18.4466,21.50538,12.04819,14.56311,16.12903,9.638554
PEE DEE NATIONAL WILDLIFE REFUGE  ,48.3796,46.38794,46.01615,81.35776,80.75181,80.45595,65.04854,55.91398,32.53012,36.8932,21.50538,4.819277
PELICAN ISLAND NATIONAL WILDLIFE REFUGE  ,15.2,14.66748,14.73182,30.68026,29.8356,30.04132,66.99029,43.01075,49.39759,62.13592,36.55914,33.73494
PETIT MANAN NATIONAL WILDLIFE REFUGE  ,108.589,109.3941,110.3976,142.0421,142.9563,143.4059,1.941748,1.075269,1.204819,0.9708738,1.075269,1.204819
PIEDMONT NATIONAL WILDLIFE REFUGE  ,38.96721,37.4043,37.32051,70.45796,68.68583,68.16687,73.78641,63.44086,59.03614,55.33981,41.93548,25.3012
PIERCE NATIONAL WILDLIFE REFUGE  ,78.87434,79.60317,77.91756,125.1717,124.4812,122.1265,20.38835,23.65591,8.433735,54.36893,46.23656,9.638554
PILOT KNOB NATIONAL WILDLIFE REFUGE  ,67.3,65.96667,66.37778,96.03333,98.01667,98.74444,29.12621,11.82796,1.204819,0.9708738,1.075269,1.204819
PINCKNEY ISLAND NATIONAL WILDLIFE REFUGE  ,30.72137,29.3958,29.54923,59.30445,56.61918,56.42661,75.72816,65.5914,59.03614,77.6699,58.06452,49.39759
PINE ISLAND NATIONAL WILDLIFE REFUGE  ,13.57644,13.23593,13.16688,28.23367,27.64793,27.57651,63.1068,43.01075,33.73494,63.1068,44.08602,31.3253
PINELLAS NATIONAL WILDLIFE REFUGE  ,16.3,15.76667,16.13333,32.73333,31.86667,32.25556,52.42718,29.03226,51.80723,57.28155,20.43011,28.91566
PIXLEY NATIONAL WILDLIFE REFUGE  ,30.56911,30.78535,31.60901,62.87174,62.16916,62.03529,6.796117,1.075269,3.614458,24.27184,19.35484,8.433735
PLUM TREE ISLAND NATIONAL WILDLIFE REFUGE  ,56.29719,54.07728,53.9188,91.95098,91.67362,91.93982,47.57282,12.90323,2.409639,16.50485,4.301075,1.204819
POCOSIN LAKES NATIONAL WILDLIFE REFUGE  ,45.43959,42.83441,42.55251,80.57709,78.70968,78.42671,64.07767,46.23656,28.91566,43.68932,17.2043,1.204819
POND CREEK NATIONAL WILDLIFE REFUGE  ,42.63154,39.85539,40.25001,72.74321,72.22323,72.11762,73.78641,43.01075,34.93976,34.95146,15.05376,3.614458
POND ISLAND NATIONAL WILDLIFE REFUGE  ,104.2964,105.2633,106.3205,138.2798,139.4254,140.2409,1.941748,1.075269,1.204819,0.9708738,1.075269,1.204819
PORT LOUISA NATIONAL WILDLIFE REFUGE  ,90.18516,91.64742,91.37579,115.396,118.4549,119.061,0.9708738,5.376344,1.204819,0.9708738,1.075269,1.204819
PRESQUILE NATIONAL WILDLIFE REFUGE  ,58.87187,57.80781,58.55487,93.43079,93.72697,94.15646,32.03883,10.75269,8.433735,12.62136,4.301075,1.204819
PRIME HOOK NATIONAL WILDLIFE REFUGE  ,71.47923,71.42064,71.3726,105.2852,105.2059,105.799,30.09709,9.677419,2.409639,7.76699,1.075269,1.204819
PROTECTION ISLAND NATIONAL WILDLIFE REFUGE  ,52.49082,54.08406,54.4003,114.0715,114.1358,111.8631,1.941748,4.301075,2.409639,23.30097,22.58065,7.228916
QUIVIRA NATIONAL WILDLIFE REFUGE  ,71.20839,71.82409,70.42997,99.85452,103.1803,103.7281,22.3301,19.35484,1.204819,0.9708738,2.150538,1.204819
RACHEL CARSON NATIONAL WILDLIFE REFUGE  ,104.6925,105.5395,106.5935,135.711,136.8931,137.6495,2.912621,1.075269,1.204819,0.9708738,1.075269,1.204819
RAPPAHANNOCK RIVER VALLEY NATIONAL WILDLIFE REFUGE  ,62.57014,61.66404,61.78195,97.11001,97.19064,97.50469,33.00971,10.75269,6.024096,10.67961,4.301075,1.204819
RED RIVER NATIONAL WILDLIFE REFUGE  ,34.15266,31.70588,32.65177,63.06992,60.73278,60.90139,78.64078,63.44086,61.44578,72.81553,55.91398,44.57831
RED ROCK LAKES NATIONAL WILDLIFE REFUGE  ,127.8448,128.5068,126.7308,164.0229,163.548,161.8368,61.16505,70.96774,45.78313,82.52427,87.09677,74.6988
REELFOOT NATIONAL WILDLIFE REFUGE  ,59.4688,58.11946,58.63069,89.31067,90.95,90.54848,40.7767,29.03226,28.91566,2.912621,10.75269,1.204819
RICE LAKE NATIONAL WILDLIFE REFUGE  ,106.7739,110.519,111.0182,137.8569,139.4557,138.9045,0.9708738,1.075269,1.204819,7.76699,20.43011,1.204819
RIDGEFIELD NATIONAL WILDLIFE REFUGE  ,63.20281,64.30167,63.69837,114.5224,113.9905,111.4873,10.67961,17.2043,3.614458,35.92233,26.88172,7.228916
ROANOKE RIVER NATIONAL WILDLIFE REFUGE  ,48.64813,46.18893,45.97009,83.20225,81.98532,81.93314,61.16505,35.48387,21.68675,40.7767,11.82796,1.204819
ROCK LAKE NATIONAL WILDLIFE REFUGE  ,111.7568,115.7313,115.1552,142.2793,143.2515,142.4632,0.9708738,8.602151,1.204819,13.59223,24.73118,10.84337
ROCKY FLATS NATIONAL WILDLIFE REFUGE  ,116.4481,117.2567,118.0536,153.9597,154.3659,154.6529,4.854369,6.451613,1.204819,7.76699,8.602151,1.204819
ROCKY MOUNTAIN ARSENAL NATIONAL WILDLIFE REFUGE  ,99.20156,99.83926,101.215,138.7184,139.6094,139.4392,1.941748,1.075269,1.204819,8.737864,7.526882,1.204819
RUBY LAKE NATIONAL WILDLIFE REFUGE  ,105.9952,104.0781,104.2878,144.1506,143.8115,142.6564,24.27184,11.82796,2.409639,52.42718,47.31183,12.04819
RYDELL NATIONAL WILDLIFE REFUGE  ,108.6839,112.7496,112.4228,138.7533,140.0558,139.2056,0.9708738,1.075269,1.204819,12.62136,23.65591,6.024096
SABINE NATIONAL WILDLIFE REFUGE  ,22.2377,21.91273,23.4423,46.59353,45.35396,46.31221,35.92233,15.05376,45.78313,62.13592,41.93548,42.16867
SACHUEST POINT NATIONAL WILDLIFE REFUGE  ,96.94217,96.40747,97.02682,127.6705,128.2745,129.4256,9.708738,1.075269,1.204819,0.9708738,1.075269,1.204819
SACRAMENTO NATIONAL WILDLIFE REFUGE  ,40.42795,42.21391,43.16877,86.67874,85.81004,84.96579,0.9708738,1.075269,1.204819,28.15534,20.43011,8.433735
SACRAMENTO RIVER NATIONAL WILDLIFE REFUGE  ,45.84107,47.61736,48.36349,93.77728,92.63056,91.39491,0.9708738,1.075269,1.204819,30.09709,21.50538,8.433735
SADDLE MOUNTAIN NATIONAL WILDLIFE REFUGE  ,77.81254,79.32029,77.70212,115.6255,115.8731,113.6169,14.56311,26.88172,8.433735,44.66019,39.78495,9.638554
SALINAS RIVER NATIONAL WILDLIFE REFUGE  ,29.69672,30.14473,30.3536,63.17532,63.43845,63.02572,0.9708738,1.075269,1.204819,20.38835,19.35484,8.433735
SALT PLAINS NATIONAL WILDLIFE REFUGE  ,59.7663,59.06759,58.13325,89.07712,91.82098,91.95244,34.95146,19.35484,1.204819,0.9708738,7.526882,1.204819
SAM D. HAMILTON NOXUBEE NATIONAL WILDLIFE REFUGE  ,40.30403,38.91921,39.37898,71.67111,70.64243,70.68147,70.87379,59.13978,59.03614,47.57282,43.01075,25.3012
SAN ANDRES NATIONAL WILDLIFE REFUGE  ,40.47703,40.19916,41.70939,75.78994,75.5375,76.882,10.67961,1.075269,2.409639,9.708738,1.075269,3.614458
SAN BERNARD NATIONAL WILDLIFE REFUGE  ,21.70455,20.98696,22.44231,43.90254,42.77042,43.82468,40.7767,3.225806,44.57831,54.36893,32.25806,38.55422
SAN BERNARDINO NATIONAL WILDLIFE REFUGE  ,35.70247,35.17275,36.45027,71.79001,71.18539,72.41586,10.67961,1.075269,4.819277,9.708738,1.075269,4.819277
SAN DIEGO BAY NATIONAL WILDLIFE REFUGE  ,21.15005,21.61976,22.04673,41.98239,42.76635,43.2825,0.9708738,1.075269,1.204819,0.9708738,2.150538,1.204819
SAN DIEGO NATIONAL WILDLIFE REFUGE  ,23.45789,23.92672,24.29305,46.60684,47.27633,47.70845,0.9708738,1.075269,1.204819,1.941748,2.150538,2.409639
SAN JOAQUIN RIVER NATIONAL WILDLIFE REFUGE  ,32.13873,32.45644,33.07844,67.17825,67.17825,66.62839,3.883495,1.075269,1.204819,21.35922,20.43011,8.433735
SAN JUAN ISLANDS NATIONAL WILDLIFE REFUGE  ,51.0644,52.78987,53.15384,113.922,114.0566,111.7363,1.941748,4.301075,2.409639,22.3301,22.58065,7.228916
SAN LUIS NATIONAL WILDLIFE REFUGE  ,32.49802,32.86825,33.84796,68.94372,68.92646,68.34535,3.883495,1.075269,1.204819,19.41748,20.43011,8.433735
SAN PABLO BAY NATIONAL WILDLIFE REFUGE  ,31.06573,31.37041,31.72298,64.53656,64.8609,64.32211,1.941748,1.075269,1.204819,18.4466,19.35484,8.433735
SAND LAKE NATIONAL WILDLIFE REFUGE  ,103.8678,106.8443,106.5068,132.1165,134.2788,133.8277,1.941748,5.376344,1.204819,5.825243,20.43011,7.228916
SANDY POINT NATIONAL WILDLIFE REFUGE  ,NaN ,NaN ,NaN ,NaN ,NaN ,NaN ,NaN ,NaN ,NaN ,NaN ,NaN ,NaN 
SANTA ANA NATIONAL WILDLIFE REFUGE  ,16.95611,16.64817,18.38824,35.47626,34.55791,36.31947,14.56311,2.150538,6.024096,27.18447,2.150538,16.86747
SANTEE NATIONAL WILDLIFE REFUGE  ,37.98275,36.3911,36.3515,68.43115,65.979,65.6083,76.69903,65.5914,59.03614,71.84466,46.23656,26.50602
SAUTA CAVE NATIONAL WILDLIFE REFUGE  ,48.8055,46.48343,46.30727,81.3002,81.42658,81.17407,66.01942,37.63441,27.71084,27.18447,21.50538,2.409639
SAVANNAH NATIONAL WILDLIFE REFUGE  ,32.16216,31.00255,30.95521,61.34703,58.69656,58.24622,77.6699,66.66667,60.24096,79.61165,53.76344,51.80723
SEAL BEACH NATIONAL WILDLIFE REFUGE  ,21.7732,21.94272,22.34919,42.18991,43.09155,43.78932,4.854369,2.150538,1.204819,0.9708738,2.150538,1.204819
SEAL ISLAND NATIONAL WILDLIFE REFUGE  ,109.4194,110.0371,111.1047,141.3808,142.3089,142.7105,1.941748,1.075269,1.204819,0.9708738,1.075269,1.204819
SEATUCK NATIONAL WILDLIFE REFUGE  ,82.96792,82.94093,82.7732,117.3759,118.0765,119.0939,10.67961,5.376344,1.204819,0.9708738,1.075269,1.204819
SEEDSKADEE NATIONAL WILDLIFE REFUGE  ,117.149,118.464,117.4468,153.7352,153.9471,152.7531,15.53398,43.01075,7.228916,70.87379,79.56989,65.06024
SELAWIK NATIONAL WILDLIFE REFUGE  ,143.3157,143.683,144.5967,167.6933,168.7948,169.6818,5.825243,1.075269,3.614458,1.941748,1.075269,1.204819
SENEY NATIONAL WILDLIFE REFUGE  ,114.0755,117.6408,118.1333,148.6547,149.3191,148.877,0.9708738,1.075269,1.204819,13.59223,21.50538,6.024096
SEQUOYAH NATIONAL WILDLIFE REFUGE  ,50.02925,50.31014,49.84985,80.79623,82.63916,82.26761,33.00971,38.70968,10.84337,0.9708738,10.75269,1.204819
SEVILLETA NATIONAL WILDLIFE REFUGE  ,70.36786,68.94202,70.11372,106.3723,106.758,107.802,13.59223,5.376344,4.819277,3.883495,1.075269,1.204819
SHAWANGUNK GRASSLANDS NATIONAL WILDLIFE REFUGE  ,96.3035,97.17189,96.72804,124.299,125.7194,126.2499,4.854369,9.677419,1.204819,0.9708738,1.075269,1.204819
SHELDON NATIONAL WILDLIFE REFUGE  ,104.285,101.0108,99.65024,142.1804,141.0713,139.2019,86.40777,25.80645,12.04819,98.05825,100,72.28916
SHELL KEYS NATIONAL WILDLIFE REFUGE  ,19.50474,19.56426,21.13411,42.27382,41.48092,42.6468,20.38835,16.12903,44.57831,63.1068,46.23656,50.60241
SHELL LAKE NATIONAL WILDLIFE REFUGE  ,109.2308,113.4662,112.5377,141.3344,142.3732,141.4603,0.9708738,10.75269,1.204819,14.56311,24.73118,9.638554
SHERBURNE NATIONAL WILDLIFE REFUGE  ,102.9711,106.2209,106.9879,132.0448,134.2303,133.8647,0.9708738,1.075269,1.204819,0.9708738,9.677419,1.204819
SHIAWASSEE NATIONAL WILDLIFE REFUGE  ,101.0286,102.6742,103.8587,130.0301,132.4537,132.7687,1.941748,1.075269,1.204819,0.9708738,1.075269,1.204819
SILETZ BAY NATIONAL WILDLIFE REFUGE  ,40.08905,41.16855,41.89865,89.69969,89.73159,88.1863,4.854369,3.225806,1.204819,23.30097,20.43011,6.024096
SILVIO O. CONTE NATIONAL FISH AND WILDLIFE REFUGE  ,106.4574,107.4828,107.8998,135.1909,136.3469,136.7973,0.9708738,1.075269,1.204819,0.9708738,1.075269,1.204819
SLADE NATIONAL WILDLIFE REFUGE  ,106.2712,110.5367,110.0667,137.2394,138.667,137.9645,0.9708738,3.225806,1.204819,12.62136,24.73118,13.25301
SONNY BONO SALTON SEA NATIONAL WILDLIFE REFUGE  ,25.24013,25.16469,25.51487,48.38584,48.5659,49.02221,10.67961,4.301075,4.819277,5.825243,3.225806,3.614458
SQUAW CREEK NATIONAL WILDLIFE REFUGE  ,81.76685,82.57956,81.41527,107.7635,110.4726,110.7603,13.59223,17.2043,1.204819,0.9708738,3.225806,1.204819
ST. CATHERINE CREEK NATIONAL WILDLIFE REFUGE  ,31.43333,29.98333,31.02222,60.06667,57.71667,57.96667,76.69903,62.36559,66.26506,72.81553,63.44086,56.62651
ST. JOHNS NATIONAL WILDLIFE REFUGE  ,16.29283,15.61918,15.89268,32.82691,31.87442,32.31747,58.25243,29.03226,42.16867,57.28155,30.10753,33.73494
ST. MARKS NATIONAL WILDLIFE REFUGE  ,25.1485,24.65797,24.80097,50.39689,48.52875,48.45363,70.87379,58.06452,55.42169,77.6699,62.36559,54.21687
ST. VINCENT NATIONAL WILDLIFE REFUGE  ,18.43466,18.60177,19.464,38.99154,38.69088,39.6074,17.47573,12.90323,37.3494,41.74757,31.1828,42.16867
STEIGERWALD LAKE NATIONAL WILDLIFE REFUGE  ,66.77005,67.9247,66.91155,116.4739,115.9161,113.3449,11.65049,19.35484,4.819277,40.7767,32.25806,8.433735
STEWART B. MCKINNEY NATIONAL WILDLIFE REFUGE  ,94.79559,94.61496,94.74864,124.2805,125.0839,125.8789,9.708738,1.075269,1.204819,0.9708738,1.075269,1.204819
STEWART LAKE NATIONAL WILDLIFE REFUGE  ,104.3,106.5833,105.7333,137.6,138.7,137.8667,4.854369,21.50538,2.409639,19.41748,29.03226,15.66265
STILLWATER NATIONAL WILDLIFE REFUGE  ,78.12284,76.22239,75.68875,116.8586,115.5427,114.3695,27.18447,19.35484,6.024096,32.03883,20.43011,4.819277
STONE LAKES NATIONAL WILDLIFE REFUGE  ,32.5,32.75,33.17778,67.7,67.81667,67.11111,4.854369,1.075269,1.204819,21.35922,22.58065,8.433735
STORM LAKE NATIONAL WILDLIFE REFUGE  ,106.5924,109.377,109.3025,134.7905,136.3439,135.7163,0.9708738,2.150538,1.204819,10.67961,22.58065,7.228916
STUMP LAKE NATIONAL WILDLIFE REFUGE  ,109.081,113.5663,113.0392,139.9012,141.1264,140.2581,0.9708738,1.075269,1.204819,12.62136,24.73118,7.228916
SULLYS HILL NATIONAL GAME PRESERVE  ,109.6305,114.014,113.4838,140.4102,141.5884,140.7552,0.9708738,4.301075,1.204819,12.62136,24.73118,7.228916
SUNBURST LAKE NATIONAL WILDLIFE REFUGE  ,104.1,107.4333,107.2667,135.5333,137.0167,136.3667,0.9708738,4.301075,1.204819,13.59223,25.80645,13.25301
SUNKHAZE MEADOWS NATIONAL WILDLIFE REFUGE  ,113.3511,114.1864,114.9964,143.6692,144.5117,144.5454,0.9708738,1.075269,2.409639,0.9708738,3.225806,1.204819
SUPAWNA MEADOWS NATIONAL WILDLIFE REFUGE  ,78.66667,78.8,78.8,109.7667,110.1667,111.2556,19.41748,5.376344,1.204819,0.9708738,1.075269,1.204819
SUSQUEHANNA NATIONAL WILDLIFE REFUGE  ,78.49317,78.70241,78.63373,109.3112,109.7329,110.7278,17.47573,5.376344,1.204819,0.9708738,1.075269,1.204819
SUTTER NATIONAL WILDLIFE REFUGE  ,37.33311,38.4361,39.10798,79.75604,79.17339,78.31402,0.9708738,1.075269,1.204819,24.27184,20.43011,8.433735
SWAN LAKE NATIONAL WILDLIFE REFUGE  ,78.30334,78.49701,77.52602,104.5433,107.2077,107.5402,21.35922,16.12903,1.204819,0.9708738,1.075269,1.204819
SWAN RIVER NATIONAL WILDLIFE REFUGE  ,122.8754,123.5872,121.9634,161.1921,159.6713,158.3073,54.36893,73.11828,28.91566,89.32039,74.19355,53.01205
SWANQUARTER NATIONAL WILDLIFE REFUGE  ,44.69287,42.12448,41.77073,79.77337,77.81214,77.41411,64.07767,49.46237,30.12048,44.66019,18.27957,1.204819
TALLAHATCHIE NATIONAL WILDLIFE REFUGE  ,42.38378,39.98231,40.30702,72.64525,71.51165,71.59612,75.72816,63.44086,59.03614,49.51456,40.86022,21.68675
TAMARAC NATIONAL WILDLIFE REFUGE  ,107.9873,112.1979,112.0585,138.2508,139.8402,139.0363,0.9708738,1.075269,1.204819,10.67961,22.58065,3.614458
TARGET ROCK NATIONAL WILDLIFE REFUGE  ,87.73499,87.89612,87.82391,119.5454,120.4232,121.3009,6.796117,3.225806,1.204819,0.9708738,1.075269,1.204819
TEN THOUSAND ISLANDS NATIONAL WILDLIFE REFUGE  ,13.72693,13.30797,13.1803,28.17209,27.51511,27.39721,75.72816,64.51613,51.80723,72.81553,50.53763,37.3494
TENNESSEE NATIONAL WILDLIFE REFUGE  ,56.48897,54.53865,54.73768,87.72973,88.76404,88.57352,60.19417,38.70968,31.3253,8.737864,11.82796,1.204819
TENSAS RIVER NATIONAL WILDLIFE REFUGE  ,35.7538,33.10912,34.01478,64.98623,62.6102,62.82442,78.64078,63.44086,61.44578,68.93204,55.91398,44.57831
TETLIN NATIONAL WILDLIFE REFUGE  ,135.4591,136.1793,136.8326,163.4984,164.5878,165.9183,6.796117,5.376344,8.433735,1.941748,1.075269,1.204819
TEWAUKON NATIONAL WILDLIFE REFUGE  ,105.9331,108.8315,108.5804,133.9571,135.8075,135.1926,0.9708738,3.225806,1.204819,6.796117,21.50538,7.228916
TEXAS POINT NATIONAL WILDLIFE REFUGE  ,19.4695,19.46185,21.03657,42.30166,41.2982,42.44181,17.47573,3.225806,39.75904,60.19417,36.55914,40.96386
THACHER ISLAND NATIONAL WILDLIFE REFUGE  ,99.13333,98.91667,99.32222,131.1667,131.9833,133.4444,7.76699,1.075269,1.204819,0.9708738,1.075269,1.204819
THEODORE ROOSEVELT NATIONAL WILDLIFE REFUGE  ,40.08109,37.42764,37.96281,69.78542,68.28608,68.39639,77.6699,63.44086,60.24096,59.2233,48.3871,39.75904
TIJUANA SLOUGH NATIONAL WILDLIFE REFUGE  ,21.01461,21.48029,21.91148,41.69714,42.48972,43.0139,1.941748,1.075269,1.204819,0.9708738,2.150538,1.204819
TISHOMINGO NATIONAL WILDLIFE REFUGE  ,44.67594,44.11377,43.75216,74.68503,75.57036,75.32519,53.39806,47.31183,24.09639,8.737864,10.75269,1.204819
TOGIAK NATIONAL WILDLIFE REFUGE  ,142.7978,143.249,145.0292,177.9238,177.4493,178.9895,4.854369,3.225806,7.228916,21.35922,7.526882,7.228916
TOPPENISH NATIONAL WILDLIFE REFUGE  ,88.61451,89.84597,87.81913,127.477,127.1169,124.777,22.3301,35.48387,13.25301,75.72816,77.41935,42.16867
TREMPEALEAU NATIONAL WILDLIFE REFUGE  ,99.60698,102.2947,103.315,127.8448,130.2534,130.4115,0.9708738,1.075269,1.204819,0.9708738,1.075269,1.204819
TRINITY RIVER NATIONAL WILDLIFE REFUGE  ,25.64157,24.68152,26.13374,51.58429,50.06093,50.83162,53.39806,18.27957,44.57831,65.04854,40.86022,42.16867
TRUSTOM POND NATIONAL WILDLIFE REFUGE  ,97.36667,96.76667,97.36667,127.5,128.1167,129.2333,10.67961,1.075269,1.204819,0.9708738,1.075269,1.204819
TUALATIN RIVER NATIONAL WILDLIFE REFUGE  ,60.72107,61.79009,61.44737,112.754,112.1737,109.6596,11.65049,16.12903,3.614458,33.00971,26.88172,7.228916
TULE LAKE NATIONAL WILDLIFE REFUGE  ,101.3843,97.95885,96.70979,143.1256,141.5185,139.3583,73.78641,23.65591,10.84337,99.02913,98.92473,73.49398
TURNBULL NATIONAL WILDLIFE REFUGE  ,95.66122,96.44517,94.58559,132.8017,132.8844,131.231,20.38835,29.03226,8.433735,59.2233,68.8172,45.78313
TWO PONDS NATIONAL WILDLIFE REFUGE  ,113.0155,113.7679,114.7064,150.9713,151.4626,151.6647,2.912621,4.301075,1.204819,6.796117,7.526882,1.204819
TWO RIVERS NATIONAL WILDLIFE REFUGE  ,75.62817,75.83319,75.67276,102.5521,105.0997,105.8143,13.59223,11.82796,1.204819,0.9708738,1.075269,1.204819
TYBEE NATIONAL WILDLIFE REFUGE  ,30.91747,29.7997,29.88816,59.81143,57.18763,56.88102,75.72816,64.51613,60.24096,81.5534,58.06452,51.80723
UL BEND NATIONAL WILDLIFE REFUGE  ,98.68359,100.3154,99.4592,134.484,135.4462,134.393,9.708738,19.35484,3.614458,31.06796,39.78495,18.07229
UMATILLA NATIONAL WILDLIFE REFUGE  ,80.91423,81.37359,79.65005,121.4711,121.1067,118.6811,22.3301,25.80645,9.638554,67.96117,61.29032,14.45783
UMBAGOG NATIONAL WILDLIFE REFUGE  ,115.0139,116.5626,117.0478,145.2013,146.27,146.165,0.9708738,1.075269,2.409639,2.912621,8.602151,2.409639
UNION SLOUGH NATIONAL WILDLIFE REFUGE  ,98.02483,100.2506,101.4756,124.1784,127.5851,128.0427,1.941748,1.075269,1.204819,0.9708738,1.075269,1.204819
UPPER KLAMATH NATIONAL WILDLIFE REFUGE  ,103.4089,100.7814,98.91276,146.1824,144.9207,142.883,75.72816,29.03226,10.84337,99.02913,98.92473,73.49398
UPPER MISSISSIPPI RIVER NATIONAL WILDLIFE AND FISH REFUGE  ,96.81448,99.05664,99.78218,123.7176,126.4829,126.8456,1.941748,1.075269,1.204819,0.9708738,1.075269,1.204819
UPPER OUACHITA NATIONAL WILDLIFE REFUGE  ,38.19098,35.47274,36.14097,67.83699,65.88982,65.95157,79.61165,64.51613,60.24096,65.04854,49.46237,42.16867
UPPER SOURIS NATIONAL WILDLIFE REFUGE  ,109.647,113.774,112.853,141.0947,142.0717,141.2279,0.9708738,10.75269,1.204819,13.59223,23.65591,10.84337
VALENTINE NATIONAL WILDLIFE REFUGE  ,89.8014,91.32008,92.14521,123.7658,127.0746,127.0326,1.941748,5.376344,1.204819,0.9708738,9.677419,1.204819
VALLE DE ORO NATIONAL WILDLIFE REFUGE  ,75.28409,73.97851,74.98853,111.1358,111.5744,112.3885,17.47573,5.376344,3.614458,3.883495,1.075269,1.204819
VIEQUES NATIONAL WILDLIFE REFUGE  ,6.8,6.633333,6.755556,16.8,16.68333,16.84444,17.47573,6.451613,3.614458,15.53398,5.376344,3.614458
WACCAMAW NATIONAL WILDLIFE REFUGE  ,33.14915,32.47128,32.63548,63.47388,61.27675,61.05054,69.90291,61.29032,56.62651,65.04854,45.16129,19.27711
WALLKILL RIVER NATIONAL WILDLIFE REFUGE  ,94.91741,95.75575,95.31793,123.1847,124.5805,125.1818,4.854369,7.526882,1.204819,0.9708738,1.075269,1.204819
WALLOPS ISLAND NATIONAL WILDLIFE REFUGE  ,58.59104,56.51921,56.62103,96.81254,96.16818,96.42006,46.60194,15.05376,8.433735,20.38835,4.301075,1.204819
WAPACK NATIONAL WILDLIFE REFUGE  ,103.9456,104.9463,105.3181,131.9814,133.1982,134.0781,1.941748,1.075269,1.204819,0.9708738,1.075269,1.204819
WAPANOCCA NATIONAL WILDLIFE REFUGE  ,52.12994,51.16984,50.73731,83.5112,84.7511,84.25403,57.28155,43.01075,36.14458,9.708738,16.12903,1.204819
WAPATO LAKE NATIONAL WILDLIFE REFUGE  ,55.22341,56.05545,56.50037,109.7072,109.0592,106.6851,9.708738,8.602151,4.819277,29.12621,22.58065,7.228916
WAR HORSE NATIONAL WILDLIFE REFUGE  ,98.07536,99.8448,98.76194,135.5426,136.3472,135.1244,9.708738,19.35484,4.819277,36.8932,44.08602,18.07229
WASHITA NATIONAL WILDLIFE REFUGE  ,53.10296,53.43398,52.72544,84.61462,86.90525,86.94073,23.30097,16.12903,2.409639,0.9708738,8.602151,1.204819
WASSAW NATIONAL WILDLIFE REFUGE  ,29.93991,29.22721,29.34665,59.06555,56.5767,56.22432,73.78641,63.44086,59.03614,82.52427,60.21505,57.83133
WATERCRESS DARTER NATIONAL WILDLIFE REFUGE  ,42.28307,40.32077,40.42186,73.25575,72.20848,72.04427,73.78641,62.36559,59.03614,42.71845,38.70968,21.68675
WAUBAY NATIONAL WILDLIFE REFUGE  ,105.1589,108.1711,107.7246,132.9582,135.1515,134.5581,0.9708738,5.376344,1.204819,5.825243,20.43011,4.819277
WERTHEIM NATIONAL WILDLIFE REFUGE  ,88.16661,87.78089,87.65817,121.289,121.8835,122.7765,11.65049,3.225806,1.204819,0.9708738,1.075269,1.204819
WEST SISTER ISLAND NATIONAL WILDLIFE REFUGE  ,91.40176,93.22591,92.79078,120.5298,122.9917,123.6817,2.912621,4.301075,1.204819,0.9708738,1.075269,1.204819
WHEELER NATIONAL WILDLIFE REFUGE  ,48.35109,46.07246,45.8656,80.57233,80.50984,80.29106,66.99029,40.86022,31.3253,29.12621,21.50538,3.614458
WHITE LAKE NATIONAL WILDLIFE REFUGE  ,104.3496,106.7475,105.9336,137.6372,138.7062,137.8749,4.854369,19.35484,2.409639,19.41748,29.03226,15.66265
WHITTLESEY CREEK NATIONAL WILDLIFE REFUGE  ,107.8053,111.6704,112.3931,141.2806,142.4569,141.9114,0.9708738,1.075269,1.204819,7.76699,13.97849,1.204819
WICHITA MOUNTAINS WILDLIFE REFUGE  ,45.94823,46.31814,45.96918,77.22713,78.68567,78.41419,33.98058,32.25806,10.84337,2.912621,10.75269,1.204819
WILLAPA NATIONAL WILDLIFE REFUGE  ,41.62815,42.75445,43.26001,95.56968,95.6375,93.74275,6.796117,7.526882,2.409639,23.30097,19.35484,6.024096
WILLIAM L. FINLEY NATIONAL WILDLIFE REFUGE  ,49.33569,50.28864,50.89292,103.3742,102.5834,100.3199,6.796117,5.376344,1.204819,29.12621,22.58065,7.228916
WILLOW LAKE NATIONAL WILDLIFE REFUGE  ,110.8552,115.0637,114.5366,141.9197,142.9337,142.2586,0.9708738,5.376344,1.204819,12.62136,23.65591,9.638554
WOLF ISLAND NATIONAL WILDLIFE REFUGE  ,28,27.83333,28.06667,57.26667,54.96667,54.63333,63.1068,56.98925,60.24096,83.49515,61.29032,59.03614
YAZOO NATIONAL WILDLIFE REFUGE  ,40.10672,37.42062,37.96299,69.82439,68.29892,68.39953,77.6699,63.44086,60.24096,59.2233,47.31183,39.75904
YUKON DELTA NATIONAL WILDLIFE REFUGE  ,144.6852,144.8957,146.12,175.7531,176.0898,176.8836,8.737864,2.150538,7.228916,12.62136,8.602151,4.819277
YUKON FLATS NATIONAL WILDLIFE REFUGE  ,132.3783,133.3512,134.6025,155.1288,156.4059,157.2543,0.9708738,1.075269,1.204819,0.9708738,1.075269,1.204819