NWR,FLI (Day),FBI (Day),FLI (%),FBI (%),FLIDELTA,FBIDELTA,FLI_102030_avg_rate,FBI_102030_avg_rate,"FLI SD, AVG"
AGASSIZ NATIONAL WILDLIFE REFUGE  ,113.7741,142.5067,3.951037,16.31095,8.706546,15.09263,-0.780392705,-0.486343654,9.800612
ALAMOSA NATIONAL WILDLIFE REFUGE  ,112.0411,148.7729,2.482547,4.817516,3.096256,5.591297,-0.783588627,-0.588617148,7.591278
ALASKA MARITIME NATIONAL WILDLIFE REFUGE  ,142.4884,182.4345,11.94028,28.58926,6.8663,14.23221,-0.83800808,-0.892789918,8.330082
ALASKA PENINSULA NATIONAL WILDLIFE REFUGE  ,139.7753,179.5496,12.06144,14.97406,6.93183,15.66969,-0.648868134,-0.524028402,7.603957
ALLIGATOR RIVER NATIONAL WILDLIFE REFUGE  ,41.12832,76.82209,53.77631,22.50837,29.64089,42.01661,0.057546058,-0.365729358,9.315457
AMAGANSETT NATIONAL WILDLIFE REFUGE  ,89.72988,123.6303,5.649197,1.083654,12.38741,0.2339455,-0.900705232,-0.878530742,9.499189
ANAHO ISLAND NATIONAL WILDLIFE REFUGE  ,85.04359,127.4352,15.74705,51.72334,20.65739,56.91894,-0.801402009,0.030276099,8.580413
ANAHUAC NATIONAL WILDLIFE REFUGE  ,20.81852,43.1463,23.67021,44.40243,34.25314,32.0284,-0.210717671,-0.090347381,4.744368
ANKENY NATIONAL WILDLIFE REFUGE  ,56.90286,108.3785,7.265265,22.33865,7.299099,26.75167,-1.500802345,-0.722239863,11.33825
ANTIOCH DUNES NATIONAL WILDLIFE REFUGE  ,32.21236,66.0817,2.054528,16.09377,2.808226,11.99637,-0.682296641,-0.807316274,3.216891
ARANSAS NATIONAL WILDLIFE REFUGE  ,19.7212,40.5317,9.509297,20.87398,13.38344,30.44159,-0.339524076,-0.298250494,4.141634
ARAPAHO NATIONAL WILDLIFE REFUGE  ,126.3122,162.6195,12.11427,13.77256,5.415209,25.7457,-0.348231425,-0.309386756,9.18669
ARCHIE CARR NATIONAL WILDLIFE REFUGE  ,14.85653,30.21198,52.04922,44.86856,24.08393,28.16704,0.029009223,-0.027281466,4.075085
ARCTIC NATIONAL WILDLIFE REFUGE  ,153.9596,182.1379,2.054528,3.023362,2.808226,1.922711,-0.745307081,-0.849261428,4.936451
ARDOCH NATIONAL WILDLIFE REFUGE  ,112.6897,140.6038,2.875769,15.67208,5.480739,11.73727,-0.737246431,-0.521501915,9.793727
AROOSTOOK NATIONAL WILDLIFE REFUGE  ,123.5606,151.9699,3.094998,11.49674,3.64955,18.02047,-0.671656888,-0.500131583,5.022434
ARROWWOOD NATIONAL WILDLIFE REFUGE  ,110.5797,139.1515,1.083654,14.86049,0.2339455,17.50227,-0.721310872,-0.477719305,9.164547
ARTHUR R. MARSHALL LOXAHATCHEE NATIONAL WILDLIFE REFUGE  ,14.5537,29.57778,58.43963,45.10582,19.53445,31.54755,0.014268761,-0.012224909,3.441458
ASH MEADOWS NATIONAL WILDLIFE REFUGE  ,40.25241,74.78968,3.50499,15.98938,4.749974,13.89636,-1.049432261,-0.955620495,6.567011
ASSABET RIVER NATIONAL WILDLIFE REFUGE  ,103.1259,131.2611,2.054528,1.083654,2.808226,0.2339455,-0.711535254,-0.730895812,7.064349
ATCHAFALAYA NATIONAL WILDLIFE REFUGE  ,26.83409,53.34485,53.76004,60.32649,17.94551,16.89086,0.065140316,0.229675661,5.674852
ATTWATER PRAIRIE CHICKEN NATIONAL WILDLIFE REFUGE  ,24.19484,47.84853,30.53261,40.44096,40.27724,21.34878,-0.172467051,-0.135965758,5.500162
AUDUBON NATIONAL WILDLIFE REFUGE  ,109.6722,139.354,3.234192,15.26209,6.556008,16.29745,-0.778611015,-0.459271386,9.120661
BACA NATIONAL WILDLIFE REFUGE  ,114.5815,151.0947,3.129797,4.817516,3.096256,5.591297,-0.724570783,-0.599170086,7.650592
BACK BAY NATIONAL WILDLIFE REFUGE  ,46.85697,84.60044,38.84954,17.90169,36.09779,40.54275,-0.163247659,-0.442941628,10.98278
BAKER ISLAND NATIONAL WILDLIFE REFUGE  ,NaN ,NaN ,NaN ,NaN ,NaN ,NaN ,#VALUE!,#VALUE!,NaN 
BALCONES CANYONLANDS NATIONAL WILDLIFE REFUGE  ,28.99789,56.59241,21.67719,22.13825,30.44159,32.34296,-0.255899268,-0.339541947,5.59927
BALD KNOB NATIONAL WILDLIFE REFUGE  ,50.81183,83.56349,41.70523,7.037651,26.42414,13.84894,-0.166033731,-0.517323267,10.6923
BAMFORTH NATIONAL WILDLIFE REFUGE  ,114.9824,151.2062,5.288719,9.880675,6.192512,14.32916,-0.570146591,-0.436831701,10.02358
BANDON MARSH NATIONAL WILDLIFE REFUGE  ,31.3549,72.99938,1.442077,15.1229,1.179664,11.99637,-0.811002966,-1.144069379,3.5033
BANKS LAKE NATIONAL WILDLIFE REFUGE  ,28.28591,55.32808,66.39201,70.78989,17.66288,24.96198,0.233619562,0.335290582,4.990514
BASKETT SLOUGH NATIONAL WILDLIFE REFUGE  ,51.47163,104.1525,4.782718,19.32163,6.562171,20.92642,-1.719037257,-0.986700434,10.76729
BAYOU COCODRIE NATIONAL WILDLIFE REFUGE  ,30.81296,58.58334,68.44323,64.2943,14.33344,16.18903,0.371825666,0.327479769,7.026276
BAYOU SAUVAGE NATIONAL WILDLIFE REFUGE  ,24.06801,48.69752,51.57597,58.63877,11.91147,13.97824,0.015932336,0.175924748,5.42648
BAYOU TECHE NATIONAL WILDLIFE REFUGE  ,20.51292,42.84601,29.72529,53.31525,25.22347,16.87024,-0.158301864,0.035732441,4.755928
BEAR BUTTE NATIONAL WILDLIFE REFUGE  ,99.69446,136.7037,2.124124,27.6799,2.020987,22.51801,-1.237353222,-0.305302212,9.359933
BEAR LAKE NATIONAL WILDLIFE REFUGE  ,119.7558,155.2031,31.50676,84.14172,37.41417,12.4459,-0.241517866,0.28480517,9.240219
BEAR RIVER MIGRATORY BIRD REFUGE  ,98.40795,133.9906,18.00072,56.66378,17.77986,39.08059,-0.627176568,0.058660974,9.811833
BEAR VALLEY NATIONAL WILDLIFE REFUGE  ,98.39262,142.2564,32.781,90.40463,55.40999,27.71084,-0.290986041,0.517855837,11.90499
BECHAROF NATIONAL WILDLIFE REFUGE  ,133.9074,168.9847,11.51226,11.50387,11.99499,9.041993,-0.835189704,-0.817103819,6.59181
BENTON LAKE NATIONAL WILDLIFE REFUGE  ,103.2314,142.4252,12.77116,38.91201,16.55655,34.3549,-0.91144695,-0.141944669,9.987934
BIG BOGGY NATIONAL WILDLIFE REFUGE  ,17.58892,36.80326,18.95709,28.4466,36.27413,39.38825,-0.259669568,-0.225303447,4.316092
BIG BRANCH MARSH NATIONAL WILDLIFE REFUGE  ,25.62279,51.48983,55.19374,62.01421,13.64443,19.80349,0.081702891,0.241481829,5.851379
BIG LAKE NATIONAL WILDLIFE REFUGE  ,54.10071,86.49227,40.94189,4.95671,17.72137,9.547869,-0.177689007,-0.499113584,10.68529
BIG MUDDY NATIONAL FISH AND WILDLIFE REFUGE  ,74.69662,103.92,11.5336,1.083654,18.21266,0.2339455,-0.716611521,-0.910089457,8.164916
BIG OAKS NATIONAL WILDLIFE REFUGE  ,76.12775,105.8088,12.11125,1.083654,22.09615,0.2339455,-0.59423024,-1.022969073,7.56084
BIG STONE NATIONAL WILDLIFE REFUGE  ,105.7544,132.1584,1.083654,4.352644,0.2339455,8.706546,-0.733022218,-0.671362267,9.171353
BILL WILLIAMS RIVER NATIONAL WILDLIFE REFUGE  ,29.0105,57.04415,5.079929,11.0507,8.529074,11.68558,-0.551078156,-0.676254738,4.085106
BILLY FRANK JR. NISQUALLY NATIONAL WILDLIFE REFUGE  ,58.75016,112.2479,5.935969,19.39962,6.192512,18.75073,-2.06306252,-1.049371853,11.60335
BITTER CREEK NATIONAL WILDLIFE REFUGE  ,28.63887,59.25465,1.083654,11.63468,0.2339455,7.824848,-0.586954407,-0.966689084,3.831936
BITTER LAKE NATIONAL WILDLIFE REFUGE  ,46.11482,80.61852,10.55308,3.138182,15.56907,2.703831,-0.697427681,-1.237915478,8.225581
BLACK BAYOU LAKE NATIONAL WILDLIFE REFUGE  ,34.67837,64.27628,67.79929,56.15115,18.39981,23.38285,0.384985154,0.136467659,8.166819
BLACK COULEE NATIONAL WILDLIFE REFUGE  ,105.5287,139.1763,12.6152,33.77087,18.96619,27.79272,-0.965460462,-0.24030464,8.448528
BLACKBEARD ISLAND NATIONAL WILDLIFE REFUGE  ,27.96667,55.62222,60.11234,67.94054,6.117549,24.459,0.186796581,0.308475677,4.899456
BLACKWATER NATIONAL WILDLIFE REFUGE  ,69.4924,103.7632,12.01524,3.672651,24.77483,7.662595,-0.641935953,-0.737254043,9.964582
BLOCK ISLAND NATIONAL WILDLIFE REFUGE  ,97.16667,128.2833,4.3199,1.083654,9.604343,0.2339455,-0.793912104,-0.793547613,7.535414
BLUE RIDGE NATIONAL WILDLIFE REFUGE  ,65.02725,103.0622,14.74137,18.52681,18.71564,23.10212,-0.981074286,-0.614251548,6.091786
BOGUE CHITTO NATIONAL WILDLIFE REFUGE  ,25.92036,51.98731,55.02939,62.73106,14.68008,19.80349,0.101862757,0.259298802,5.917704
BOMBAY HOOK NATIONAL WILDLIFE REFUGE  ,78.02143,109.8981,8.666213,1.407279,18.21266,0.8664788,-0.733402443,-0.808908794,7.514412
BON SECOUR NATIONAL WILDLIFE REFUGE  ,25.50944,51.07198,62.29973,67.15204,13.88454,16.45807,0.164027805,0.348533148,5.297778
BOND SWAMP NATIONAL WILDLIFE REFUGE  ,34.66261,63.88376,68.55093,52.28979,17.42894,31.11475,0.406861775,0.110037347,6.438211
BOSQUE DEL APACHE NATIONAL WILDLIFE REFUGE  ,57.39528,94.7122,6.975181,2.054528,11.54609,2.808226,-0.950573781,-1.209780678,9.214091
BOWDOIN NATIONAL WILDLIFE REFUGE  ,105.37,137.9521,12.97362,30.82345,20.04146,21.84221,-0.914192739,-0.270252387,8.268704
BOYER CHUTE NATIONAL WILDLIFE REFUGE  ,89.7068,117.1182,5.857987,1.083654,7.397331,0.2339455,-0.954087905,-0.861567523,8.309403
BRAZORIA NATIONAL WILDLIFE REFUGE  ,21.47324,43.12752,29.52694,43.41479,41.35251,22.87295,-0.142332969,-0.11076789,4.877554
BRETON NATIONAL WILDLIFE REFUGE  ,22.04706,44.94557,44.48138,56.59263,11.03053,11.3895,-0.042591618,0.102373735,4.89655
BROWNS PARK NATIONAL WILDLIFE REFUGE  ,104.9741,140.4618,7.230467,55.67282,8.269973,28.242,-0.747392828,0.022519295,9.455993
BUCK ISLAND NATIONAL WILDLIFE REFUGE  ,6.72963,16.77592,9.1806,8.174927,13.86127,11.91952,-0.147979154,-0.246963579,0.5716105
BUENOS AIRES NATIONAL WILDLIFE REFUGE  ,28.58903,57.78172,6.00762,16.11054,12.38741,10.51585,-0.369888628,-0.544020348,4.161924
BUFFALO LAKE NATIONAL WILDLIFE REFUGE  ,72.53822,104.7703,3.881441,2.158923,6.322062,3.330201,-0.593641171,-0.813507046,8.82807
CABEZA PRIETA NATIONAL WILDLIFE REFUGE  ,23.84377,45.64849,9.018012,8.486855,11.10247,6.274141,-0.330442453,-0.499286813,3.230046
CABO ROJO NATIONAL WILDLIFE REFUGE  ,7.101993,17.30534,9.547408,6.923613,13.62732,7.34941,-0.105336172,-0.188516256,0.4917016
CACHE RIVER NATIONAL WILDLIFE REFUGE  ,49.14077,81.50607,50.33966,11.24477,25.52345,16.27091,-0.013122899,-0.445793728,10.42886
CADDO LAKE NATIONAL WILDLIFE REFUGE  ,35.23356,64.75721,66.00718,41.28052,19.50099,38.27348,0.227086306,-0.112478003,8.097445
CAHABA RIVER NATIONAL WILDLIFE REFUGE  ,39.051,69.8083,65.1407,37.1082,12.57457,24.68125,0.375206795,-0.109336161,8.723835
CALOOSAHATCHEE NATIONAL WILDLIFE REFUGE  ,15.51853,30.89405,63.17916,45.65832,27.30144,36.13288,0.04394607,-0.000357427,3.726006
CAMAS NATIONAL WILDLIFE REFUGE  ,117.3305,151.9974,28.43184,67.35068,36.85711,33.78676,-0.274600341,0.128815244,9.49366
CAMERON PRAIRIE NATIONAL WILDLIFE REFUGE  ,22.19201,45.58073,31.99905,49.10512,28.57883,19.96725,-0.150023494,0.011885284,4.863883
CANAAN VALLEY NATIONAL WILDLIFE REFUGE  ,85.2113,116.6344,4.852315,1.083654,6.322062,0.2339455,-0.499897817,-0.834681697,6.444194
CANFIELD LAKE NATIONAL WILDLIFE REFUGE  ,109.6062,138.8473,3.592615,16.02212,7.631277,16.1679,-0.74779735,-0.444167056,9.101804
CAPE MAY NATIONAL WILDLIFE REFUGE  ,76.00772,110.1705,13.65978,1.730903,28.89227,1.837353,-0.713741095,-0.823397742,8.998686
CAPE MEARES NATIONAL WILDLIFE REFUGE  ,51.78333,106.1445,6.276363,18.99801,5.407663,19.95555,-1.886668901,-1.125102151,11.25027
CAPE ROMAIN NATIONAL WILDLIFE REFUGE  ,29.11971,56.29892,54.96612,44.60946,6.445198,35.39595,0.113672838,-0.064018989,6.15765
CAROLINA SANDHILLS NATIONAL WILDLIFE REFUGE  ,42.76261,74.77523,63.38162,32.55972,31.65282,41.58381,0.253807838,-0.244198075,8.523646
CASTLE ROCK NATIONAL WILDLIFE REFUGE  ,32.63887,68.44897,3.406926,16.10216,5.053223,10.7498,-0.660227386,-0.929607745,3.995247
CAT ISLAND NATIONAL WILDLIFE REFUGE  ,27.21215,53.8441,56.29416,60.32649,19.78286,16.89086,0.094515611,0.239246345,5.809256
CATAHOULA NATIONAL WILDLIFE REFUGE  ,30.67569,58.59163,67.6832,62.32945,15.40871,21.00831,0.336523397,0.306490746,6.98365
CEDAR ISLAND NATIONAL WILDLIFE REFUGE  ,37.08343,70.35567,54.50154,32.27295,29.40695,49.58475,0.086227381,-0.211307609,8.376785
CEDAR KEYS NATIONAL WILDLIFE REFUGE  ,21.23768,42.43631,51.81197,56.77199,25.2636,26.06153,0.022479517,0.037953971,5.118253
CEDAR POINT NATIONAL WILDLIFE REFUGE  ,92.73798,122.1802,2.124124,1.083654,2.020987,0.2339455,-0.896868965,-0.913520522,7.704225
CHARLES M. RUSSELL NATIONAL WILDLIFE REFUGE  ,101.0866,135.5191,10.49107,27.26358,16.9452,21.84221,-1.030343619,-0.273740895,9.502239
CHASE LAKE NATIONAL WILDLIFE REFUGE  ,109.8888,138.7231,1.442077,16.06531,1.179664,13.88781,-0.732154515,-0.449259487,8.944259
CHASSAHOWITZKA NATIONAL WILDLIFE REFUGE  ,18.73098,37.64091,25.14231,33.80315,35.84925,31.89268,-0.102867214,-0.118862017,4.73298
CHAUTAUQUA NATIONAL WILDLIFE REFUGE  ,87.73215,114.2249,5.349931,1.083654,11.69841,0.2339455,-0.877471103,-1.038294657,6.923118
CHERRY VALLEY NATIONAL WILDLIFE REFUGE  ,90.74493,119.8482,1.083654,1.083654,0.2339455,0.2339455,-0.871377233,-0.856571769,7.272116
CHICKASAW NATIONAL WILDLIFE REFUGE  ,53.18757,85.79148,46.59741,8.979398,19.93216,13.84894,-0.104336179,-0.45126976,10.86053
CHINCOTEAGUE NATIONAL WILDLIFE REFUGE  ,56.32583,95.89595,24.05358,9.278664,38.90514,21.12528,-0.374581835,-0.575012243,11.85824
CHOCTAW NATIONAL WILDLIFE REFUGE  ,32.11552,60.83411,64.86864,57.73116,13.67575,19.3005,0.315815805,0.191549843,7.286459
CIBOLA NATIONAL WILDLIFE REFUGE  ,24.62301,46.86527,8.740883,5.192709,11.3373,5.512058,-0.340513765,-0.527404473,3.325024
CLARENCE CANNON NATIONAL WILDLIFE REFUGE  ,78.85786,106.7361,6.933256,1.083654,10.62314,0.2339455,-0.781862105,-0.994626283,7.457007
CLARKS RIVER NATIONAL WILDLIFE REFUGE  ,60.47402,92.25954,29.03339,3.557816,29.96842,6.322062,-0.286512351,-0.59424536,9.601628
CLEAR LAKE NATIONAL WILDLIFE REFUGE  ,99.98235,141.7485,36.74248,90.48261,64.88478,25.53515,-0.19770059,0.503828463,11.41138
COACHELLA VALLEY NATIONAL WILDLIFE REFUGE  ,28.34691,56.7469,3.103383,17.91104,4.749974,10.2819,-0.523929922,-0.690396791,3.883482
COKEVILLE MEADOWS NATIONAL WILDLIFE REFUGE  ,120.5061,156.2422,33.5181,81.07314,39.56471,14.67807,-0.154040502,0.244124296,9.776629
COLD SPRINGS NATIONAL WILDLIFE REFUGE  ,83.42687,123.0231,20.34202,51.51249,16.03835,52.8015,-0.669519136,0.016177991,8.578473
COLDWATER RIVER NATIONAL WILDLIFE REFUGE  ,43.33605,74.98434,64.38398,24.00834,23.68698,30.16727,0.234473454,-0.309575857,9.810266
COLUMBIA NATIONAL WILDLIFE REFUGE  ,82.99757,118.852,19.83397,39.30016,20.33942,43.52556,-0.620347832,-0.127948381,8.06942
COLUSA NATIONAL WILDLIFE REFUGE  ,40.01387,82.25254,1.083654,18.68277,0.2339455,18.75073,-1.215877263,-0.917834818,5.979801
CONBOY LAKE NATIONAL WILDLIFE REFUGE  ,100.5197,140.5451,38.85411,74.41731,45.97029,23.75716,-0.180575235,0.281275692,9.970586
CONSCIENCE POINT NATIONAL WILDLIFE REFUGE  ,87.45835,122.4322,7.013292,1.083654,14.32916,0.2339455,-0.940269106,-0.909902492,10.11564
COPALIS NATIONAL WILDLIFE REFUGE  ,47.75109,104.5244,4.52869,15.17778,6.322062,16.53995,-1.923603956,-1.792617009,9.448928
CRAB ORCHARD NATIONAL WILDLIFE REFUGE  ,65.72956,96.36373,23.61512,1.8005,31.13814,2.254933,-0.364428453,-0.709079959,9.293327
CRANE MEADOWS NATIONAL WILDLIFE REFUGE  ,106.9281,135.0156,1.083654,7.037651,0.2339455,13.84894,-0.942680496,-0.676323075,9.443705
CREEDMAN COULEE NATIONAL WILDLIFE REFUGE  ,108.5751,142.7244,13.26245,43.45747,18.96619,37.53655,-0.770811342,-0.092644688,8.143187
CRESCENT LAKE NATIONAL WILDLIFE REFUGE  ,89.79992,126.4634,3.811844,8.398433,4.171525,12.14114,-1.065039908,-0.462785604,7.937413
CROCODILE LAKE NATIONAL WILDLIFE REFUGE  ,12.77407,26.72222,46.97923,50.38616,39.27945,34.22623,-0.007002343,0.01395516,3.146964
CROSS CREEKS NATIONAL WILDLIFE REFUGE  ,57.87473,90.8681,44.22132,7.650101,26.22529,12.77368,-0.146913507,-0.499316301,9.319479
CROSS ISLAND NATIONAL WILDLIFE REFUGE  ,114.227,148.129,1.083654,2.089326,0.2339455,1.707802,-0.892620773,-0.575350221,6.649028
CRYSTAL RIVER NATIONAL WILDLIFE REFUGE  ,19.52141,39.0518,33.92432,41.71236,31.99708,32.13279,-0.067424751,-0.070123762,4.763165
CULEBRA NATIONAL WILDLIFE REFUGE  ,6.72963,16.77592,9.1806,8.174927,13.86127,11.91952,-0.147979154,-0.246963579,0.5716105
CURRITUCK NATIONAL WILDLIFE REFUGE  ,45.841,83.78142,41.00008,18.69652,36.09779,38.36706,-0.129033995,-0.43491747,10.83189
CYPRESS CREEK NATIONAL WILDLIFE REFUGE  ,64.49204,95.26975,24.73357,2.517346,29.93333,4.40547,-0.338272787,-0.680287959,9.467665
DAHOMEY NATIONAL WILDLIFE REFUGE  ,40.42242,71.0331,67.47567,43.49734,17.42894,26.42414,0.422801226,-0.079893251,9.177604
DALE BUMPERS WHITE RIVER NATIONAL WILDLIFE REFUGE  ,44.48019,75.98878,66.20125,23.96516,22.98514,31.37209,0.26501228,-0.286999478,9.728927
D 'ARBONNE NATIONAL WILDLIFE REFUGE  ,34.60828,64.33734,68.2009,56.07317,17.19499,25.55854,0.358704949,0.128178487,8.105608
DEEP FORK NATIONAL WILDLIFE REFUGE  ,49.76353,81.37406,22.38309,4.633085,30.79414,9.547869,-0.337117286,-0.831642326,8.956651
DEER FLAT NATIONAL WILDLIFE REFUGE  ,97.15294,134.0838,34.28098,88.18575,43.56065,32.53012,-0.272560103,0.327490522,9.981068
DELEVAN NATIONAL WILDLIFE REFUGE  ,41.8843,85.84395,1.083654,19.00639,0.2339455,19.7216,-1.320053013,-0.923932812,6.642156
DELTA NATIONAL WILDLIFE REFUGE  ,19.97778,41.37222,27.86152,51.08468,27.33653,8.027978,-0.157771152,-0.01900669,4.411459
DES LACS NATIONAL WILDLIFE REFUGE  ,112.713,142.6176,3.951037,16.31095,8.706546,15.09263,-0.766294742,-0.45876177,8.62724
DESECHEO NATIONAL WILDLIFE REFUGE  ,6.988889,17.11667,9.871032,8.252909,14.5982,9.74383,-0.098383794,-0.184342538,0.4900726
DESERT NATIONAL WILDLIFE RANGE  ,54.12387,90.58487,3.427008,9.137416,5.720848,15.06609,-1.205250768,-0.989085835,7.981145
DESOTO NATIONAL WILDLIFE REFUGE  ,89.6108,117.058,5.857987,1.083654,7.397331,0.2339455,-0.960695949,-0.864184477,8.26635
DETROIT RIVER INTERNATIONAL WILDLIFE REFUGE  ,95.33861,124.6966,1.407279,1.083654,0.8664788,0.2339455,-1.013655867,-0.869057988,7.902554
DON EDWARDS SAN FRANCISCO BAY NATIONAL WILDLIFE REFUGE  ,28.85635,57.80032,1.083654,4.921911,0.2339455,8.4726,-0.486083781,-0.786085392,2.702767
DRIFTLESS AREA NATIONAL WILDLIFE REFUGE  ,98.21921,125.3146,1.407279,1.083654,0.8664788,0.2339455,-1.061578514,-0.825102317,8.879431
DUNGENESS NATIONAL WILDLIFE REFUGE  ,56.09935,115.693,4.248249,17.70351,4.041974,16.07206,-2.490489645,-1.278878039,12.62677
EASTERN NECK NATIONAL WILDLIFE REFUGE  ,73.14574,106.1028,9.99551,1.730903,21.12528,1.837353,-0.684647063,-0.775084046,9.122194
EASTERN SHORE OF VIRGINIA NATIONAL WILDLIFE REFUGE  ,51.92313,91.13977,28.39151,11.29001,47.87694,25.00877,-0.303328091,-0.527549468,11.85725
EDWIN B. FORSYTHE NATIONAL WILDLIFE REFUGE  ,78.81575,112.8027,11.03598,1.083654,22.09615,0.2339455,-0.827149793,-0.890227445,9.123805
EGMONT KEY NATIONAL WILDLIFE REFUGE  ,16.06667,32.28519,44.42222,35.54244,23.39493,36.85145,-0.018515185,-0.081165622,3.984073
ELIZABETH ALEXANDRA MORTON NATIONAL WILDLIFE REFUGE  ,89.69673,123.3641,5.325572,1.083654,11.41654,0.2339455,-0.893546336,-0.872971389,9.489669
ELLICOTT SLOUGH NATIONAL WILDLIFE REFUGE  ,30.50034,63.24881,1.083654,15.41173,0.2339455,10.9211,-0.584509761,-0.81166116,3.087451
EMIQUON NATIONAL WILDLIFE REFUGE  ,85.70979,112.1322,9.048995,1.083654,15.99948,0.2339455,-0.861310403,-1.068705249,6.689665
ERIE NATIONAL WILDLIFE REFUGE  ,96.12557,127.1736,1.407279,1.083654,0.8664788,0.2339455,-1.025168123,-0.782036347,7.53862
ERNEST F. HOLLINGS ACE BASIN NATIONAL WILDLIFE REFUGE  ,29.8331,57.37851,66.78523,61.30906,16.69201,29.47713,0.315277491,0.19461267,5.365169
EUFAULA NATIONAL WILDLIFE REFUGE  ,33.23135,62.34159,67.98167,56.37038,13.3115,27.26635,0.337298381,0.159283123,6.446324
EVERGLADES HEADWATERS NATIONAL WILDLIFE REFUGE AND CONSERVATION AREA  ,17.22584,34.29219,37.86571,36.41525,34.70091,32.75916,-0.03712853,-0.084426196,4.24879
FALLON NATIONAL WILDLIFE REFUGE  ,77.39783,116.5525,17.52113,21.1506,21.16037,29.89823,-0.755011191,-0.420516035,6.952855
FARALLON NATIONAL WILDLIFE REFUGE  ,26.84672,53.05161,1.083654,1.083654,0.2339455,0.2339455,-0.400189998,-0.818878814,2.539337
FEATHERSTONE NATIONAL WILDLIFE REFUGE  ,68.46414,101.4853,15.90507,3.453421,26.24868,3.64955,-0.52940134,-0.734718231,8.868962
FELSENTHAL NATIONAL WILDLIFE REFUGE  ,39.04103,69.40978,68.15771,47.5251,18.39981,24.0496,0.389470992,-0.035648281,8.536401
FERN CAVE NATIONAL WILDLIFE REFUGE  ,47.05724,81.01638,44.50507,17.43477,38.30857,23.57001,-0.152775546,-0.463841919,10.72739
FISH SPRINGS NATIONAL WILDLIFE REFUGE  ,88.80814,126.7579,17.33876,45.35096,26.24868,54.70815,-0.767275556,-0.084196397,8.738937
FISHERMAN ISLAND NATIONAL WILDLIFE REFUGE  ,51.39316,90.43505,30.26999,11.61363,45.46731,25.97965,-0.288466308,-0.518745751,11.75767
FLATTERY ROCKS NATIONAL WILDLIFE REFUGE  ,57.56574,118.2214,2.918952,15.5362,4.40547,16.53995,-2.905107808,-1.548537663,13.52244
FLINT HILLS NATIONAL WILDLIFE REFUGE  ,72.94869,102.2549,20.66057,1.8005,27.56834,2.254933,-0.43679039,-0.684162785,8.256592
FLORENCE LAKE NATIONAL WILDLIFE REFUGE  ,110.0194,139.1498,3.234192,15.62052,6.556008,17.37272,-0.736576511,-0.449927307,9.199732
FLORIDA PANTHER NATIONAL WILDLIFE REFUGE  ,15.3953,30.66922,65.10083,47.43241,23.68698,36.63586,0.051053509,0.012218811,3.687241
FORT NIOBRARA NATIONAL WILDLIFE REFUGE  ,91.74958,125.9539,2.84097,3.951037,4.171525,8.706546,-1.257307595,-0.642105873,8.67097
FOX RIVER NATIONAL WILDLIFE REFUGE  ,100.4185,128.2815,1.407279,1.083654,0.8664788,0.2339455,-1.123800837,-0.742879768,9.13493
FRANKLIN ISLAND NATIONAL WILDLIFE REFUGE  ,106.6174,139.7763,1.407279,1.083654,0.8664788,0.2339455,-0.93691067,-0.68110838,8.246906
FRANZ LAKE NATIONAL WILDLIFE REFUGE  ,75.41077,121.3903,16.08539,33.37258,15.35173,38.90514,-0.968841927,-0.247880812,11.69864
GLACIAL RIDGE NATIONAL WILDLIFE REFUGE  ,111.0485,138.9216,1.083654,13.74203,0.2339455,16.55655,-0.727721611,-0.526764381,9.581367
GRAND BAY NATIONAL WILDLIFE REFUGE  ,25.89074,51.47037,62.70133,66.82842,13.88454,15.48719,0.193952194,0.351326178,5.760925
GRAND COTE NATIONAL WILDLIFE REFUGE  ,29.6853,57.27721,64.33417,61.61261,8.716985,21.00831,0.254001719,0.275812866,6.542775
GRAVEL ISLAND NATIONAL WILDLIFE REFUGE  ,111.9327,144.6364,1.083654,8.655774,0.2339455,13.84894,-1.202471703,-0.654421262,10.63026
GRAYS HARBOR NATIONAL WILDLIFE REFUGE  ,53.34101,106.498,6.906842,16.98666,7.299099,16.07206,-1.791103012,-1.434859468,10.59279
GRAYS LAKE NATIONAL WILDLIFE REFUGE  ,119.8727,154.8332,26.4784,74.58291,32.03783,20.27465,-0.286143459,0.200252266,9.239885
GREAT BAY NATIONAL WILDLIFE REFUGE  ,106.2857,136.4937,1.083654,1.083654,0.2339455,0.2339455,-0.929396983,-0.718308179,8.049289
GREAT DISMAL SWAMP NATIONAL WILDLIFE REFUGE  ,51.02094,87.65106,25.33969,11.54404,43.02258,27.92139,-0.305575118,-0.471812376,11.55999
GREAT MEADOWS NATIONAL WILDLIFE REFUGE  ,102.9887,131.2932,2.054528,1.083654,2.808226,0.2339455,-0.721440315,-0.738021883,7.112379
GREAT RIVER NATIONAL WILDLIFE REFUGE  ,80.97823,108.4699,8.297351,1.083654,12.77368,0.2339455,-0.863531273,-1.036464974,7.032589
GREAT SWAMP NATIONAL WILDLIFE REFUGE  ,86.82024,117.1276,4.713121,1.083654,8.503919,0.2339455,-1.071922234,-1.00129406,8.021667
GREAT WHITE HERON NATIONAL WILDLIFE REFUGE  ,12.11491,25.76555,58.90576,55.80443,26.52942,33.0565,0.026373644,0.063276732,3.26843
GREEN BAY NATIONAL WILDLIFE REFUGE  ,112.8823,146.2332,1.083654,9.303023,0.2339455,13.84894,-1.222600471,-0.635110141,10.82114
GREEN CAY NATIONAL WILDLIFE REFUGE  ,NaN ,NaN ,NaN ,NaN ,NaN ,NaN ,#VALUE!,#VALUE!,NaN 
GRULLA NATIONAL WILDLIFE REFUGE  ,52.02925,87.18702,7.204054,1.083654,9.006901,0.2339455,-0.747939317,-1.201603687,8.307991
GUADALUPE-NIPOMO DUNES NATIONAL WILDLIFE REFUGE  ,26.19344,52.86584,1.442077,2.525731,1.179664,1.284059,-0.530486009,-0.988428779,3.29497
HACKMATACK NATIONAL WILDLIFE REFUGE  ,95.18333,123.6537,1.730903,1.083654,1.837353,0.2339455,-1.111775606,-0.862033853,8.154299
HAGERMAN NATIONAL WILDLIFE REFUGE  ,40.38377,70.73588,53.57922,18.07569,45.13978,35.68838,0.015728811,-0.502624038,8.676678
HAILSTONE NATIONAL WILDLIFE REFUGE  ,105.6906,145.0902,9.520198,34.78619,16.9452,35.13408,-0.965484434,-0.15870675,10.46013
HAKALAU FOREST NATIONAL WILDLIFE REFUGE  ,15.54799,30.3552,4.464166,2.534116,7.358466,2.539189,-0.153442924,-0.247828364,0.8618951
HALFBREED LAKE NATIONAL WILDLIFE REFUGE  ,105.4705,144.818,9.520198,33.4137,16.9452,36.3389,-0.984843892,-0.167712451,10.6202
HAMDEN SLOUGH NATIONAL WILDLIFE REFUGE  ,109.9749,137.8087,1.083654,12.77116,0.2339455,16.55655,-0.759805827,-0.571241373,9.564207
HANALEI NATIONAL WILDLIFE REFUGE  ,10.28333,22.25741,22.19409,18.01544,12.42389,10.53245,-0.085447026,-0.155196531,0.9162249
HANDY BRAKE NATIONAL WILDLIFE REFUGE  ,35.55447,65.17655,68.44654,55.11068,20.34156,22.41198,0.413358926,0.116685413,8.383696
HARBOR ISLAND NATIONAL WILDLIFE REFUGE  ,116.336,147.8395,1.083654,10.17583,0.2339455,13.58984,-1.033157733,-0.614162313,9.731355
HARRIS NECK NATIONAL WILDLIFE REFUGE  ,27.96667,55.62222,60.11234,67.94054,6.117549,24.459,0.186796581,0.308475677,4.899456
HART MOUNTAIN NATIONAL ANTELOPE REFUGE  ,106.5765,145.504,52.82787,85.91405,76.10247,32.99801,0.06816763,0.38277942,10.68555
HATCHIE NATIONAL WILDLIFE REFUGE  ,51.60508,84.70122,50.05083,12.27354,23.58171,11.1802,-0.049701806,-0.397515413,11.05534
HAVASU NATIONAL WILDLIFE REFUGE  ,27.25336,52.70771,4.397882,9.651803,8.633469,10.7147,-0.446124848,-0.538439078,3.672751
HAWAIIAN ISLANDS NATIONAL WILDLIFE REFUGE  ,NaN ,NaN ,NaN ,NaN ,NaN ,NaN ,#VALUE!,#VALUE!,NaN 
HEWITT LAKE NATIONAL WILDLIFE REFUGE  ,105.3561,137.8442,12.97362,30.82345,20.04146,21.84221,-0.909672707,-0.272883217,8.252858
HILLSIDE NATIONAL WILDLIFE REFUGE  ,38.2642,68.68034,67.11724,49.88317,17.42894,18.25945,0.401478892,-0.006036165,8.893026
HOBART LAKE NATIONAL WILDLIFE REFUGE  ,109.4104,137.363,1.8005,15.70688,2.254933,12.81254,-0.6568521,-0.469653598,8.946008
HOBE SOUND NATIONAL WILDLIFE REFUGE  ,14.75611,29.95434,56.33227,43.69854,19.46967,30.81062,0.022083463,-0.021713388,3.735236
HOLLA BEND NATIONAL WILDLIFE REFUGE  ,50.61004,83.28396,36.83946,6.679228,32.1792,12.77368,-0.191409116,-0.612305068,9.709702
HOLT COLLIER NATIONAL WILDLIFE REFUGE  ,39.82709,70.2763,67.79929,45.67304,18.39981,25.72231,0.43844458,-0.055781516,9.080052
HOPPER MOUNTAIN NATIONAL WILDLIFE REFUGE  ,30.50604,63.93968,1.765701,16.4522,0.9457184,13.07164,-0.614794491,-0.947369346,4.254248
HORICON NATIONAL WILDLIFE REFUGE  ,100.4608,129.1386,1.407279,1.083654,0.8664788,0.2339455,-1.100982933,-0.73795882,9.158148
HOWLAND ISLAND NATIONAL WILDLIFE REFUGE  ,NaN ,NaN ,NaN ,NaN ,NaN ,NaN ,#VALUE!,#VALUE!,NaN 
HULEIA NATIONAL WILDLIFE REFUGE  ,10.28333,22.25741,22.19409,18.01544,12.42389,10.53245,-0.085447026,-0.155196531,0.9162249
HUMBOLDT BAY NATIONAL WILDLIFE REFUGE  ,35.00525,72.0533,1.083654,18.40233,0.2339455,16.57504,-0.833362409,-0.906797543,4.660958
HURON NATIONAL WILDLIFE REFUGE  ,114.5672,147.056,1.083654,13.21926,0.2339455,21.24628,-0.97632831,-0.537798302,11.42365
HUTTON LAKE NATIONAL WILDLIFE REFUGE  ,115.4879,151.7428,5.655527,8.840205,3.912424,13.35829,-0.580890725,-0.458564625,9.979624
IMPERIAL NATIONAL WILDLIFE REFUGE  ,24.16599,45.88648,8.417258,3.820229,10.36643,3.415604,-0.341286549,-0.526491283,3.27938
INNOKO NATIONAL WILDLIFE REFUGE  ,133.6264,158.913,2.288473,1.808885,3.848403,1.33437,-0.779163166,-0.907645627,6.169294
IROQUOIS NATIONAL WILDLIFE REFUGE  ,103.9636,135.4522,1.083654,1.083654,0.2339455,0.2339455,-1.152304877,-0.876123366,8.082976
ISLAND BAY NATIONAL WILDLIFE REFUGE  ,13.11485,27.57118,42.04562,44.407,26.92713,31.04457,-0.022335966,-0.026028438,3.568959
IZEMBEK NATIONAL WILDLIFE REFUGE  ,144.1974,186.5817,16.37296,24.42672,13.41476,28.49456,-0.468274985,-0.377321742,8.34814
J. CLARK SALYER NATIONAL WILDLIFE REFUGE  ,112.6967,141.7185,2.517346,15.22729,4.40547,15.22218,-0.727403692,-0.478656619,8.71979
J. N. DING DARLING NATIONAL WILDLIFE REFUGE  ,13.3153,27.80377,46.21589,46.17271,30.57668,31.78149,-0.011341594,-0.017808901,3.566295
JAMES CAMPBELL NATIONAL WILDLIFE REFUGE  ,10.11007,21.84297,18.33906,13.44356,10.53245,6.490478,-0.065841958,-0.138814838,0.9226442
JAMES RIVER NATIONAL WILDLIFE REFUGE  ,57.75188,93.48759,16.63868,6.366043,25.78079,12.38741,-0.522276495,-0.593355802,11.37204
JARVIS ISLAND NATIONAL WILDLIFE REFUGE  ,NaN ,NaN ,NaN ,NaN ,NaN ,NaN ,#VALUE!,#VALUE!,NaN 
JOHN H. CHAFEE NATIONAL WILDLIFE REFUGE  ,97.16667,128.2833,4.3199,1.083654,9.604343,0.2339455,-0.793912104,-0.793547613,7.535414
JOHN HAY NATIONAL WILDLIFE REFUGE  ,108.6496,138.2784,1.083654,1.083654,0.2339455,0.2339455,-1.01683695,-0.670621856,8.131217
JOHN HEINZ NATIONAL WILDLIFE REFUGE AT TINICUM  ,80.98694,112.2055,5.106342,1.083654,7.533045,0.2339455,-0.776733287,-0.840918287,7.449523
JOHN W. AND LOUISE SEIER NATIONAL WILDLIFE REFUGE  ,92.73155,123.9935,3.48822,3.592615,4.171525,7.631277,-1.076665333,-0.676815409,8.76858
JOHNSON LAKE NATIONAL WILDLIFE REFUGE  ,110.8648,139.45,1.083654,14.86049,0.2339455,17.50227,-0.727115739,-0.488942061,9.237165
JOHNSTON ATOLL NATIONAL WILDLIFE REFUGE  ,NaN ,NaN ,NaN ,NaN ,NaN ,NaN ,#VALUE!,#VALUE!,NaN 
JULIA BUTLER HANSEN REFUGE FOR THE COLUMBIAN WHITE-TAILED DEER  ,54.10002,107.6021,7.351632,18.02714,4.889461,17.04293,-1.993826311,-1.176012991,11.31098
KAKAHAIA NATIONAL WILDLIFE REFUGE  ,10.37062,22.25211,21.47724,14.16041,10.78489,8.641016,-0.059731338,-0.123720296,0.778939
KANKAKEE NATIONAL WILDLIFE REFUGE AND CONSERVATION AREA  ,88.1867,115.7446,1.8005,1.083654,2.254933,0.2339455,-0.900623438,-1.118356976,7.004359
KANUTI NATIONAL WILDLIFE REFUGE  ,135.3554,158.1562,2.892539,1.083654,1.46392,0.2339455,-0.598538776,-0.787771627,5.473426
KARL E. MUNDT NATIONAL WILDLIFE REFUGE  ,94.86428,124.102,2.482547,3.635798,3.096256,6.556008,-0.999739672,-0.651388952,8.776176
KEALIA POND NATIONAL WILDLIFE REFUGE  ,10.46481,22.42592,23.20815,14.49242,12.49269,5.661481,-0.055188094,-0.10750466,0.715438
KELLYS SLOUGH NATIONAL WILDLIFE REFUGE  ,111.6961,139.5311,1.083654,14.94685,0.2339455,12.94209,-0.712533224,-0.509270478,9.550041
KENAI NATIONAL WILDLIFE REFUGE  ,133.1502,167.4495,7.053163,10.77864,10.57522,9.275939,-0.84693053,-1.031109784,5.825869
KERN NATIONAL WILDLIFE REFUGE  ,29.58553,60.06063,1.808885,16.3478,1.33437,13.89636,-0.623765107,-0.844094928,3.349671
KEY CAVE NATIONAL WILDLIFE REFUGE  ,46.13599,79.12924,50.47252,16.67474,31.81659,24.77483,-0.027338599,-0.509953947,11.11519
KEY WEST NATIONAL WILDLIFE REFUGE  ,NaN ,NaN ,NaN ,NaN ,NaN ,NaN ,#VALUE!,#VALUE!,NaN 
KILAUEA POINT NATIONAL WILDLIFE REFUGE  ,10.28333,22.25741,22.19409,18.01544,12.42389,10.53245,-0.085447026,-0.155196531,0.9162249
KINGMAN REEF NATIONAL WILDLIFE REFUGE  ,NaN ,NaN ,NaN ,NaN ,NaN ,NaN ,#VALUE!,#VALUE!,NaN 
KIRWIN NATIONAL WILDLIFE REFUGE  ,77.25865,109.9658,7.326477,3.234192,12.77368,6.556008,-1.02640905,-0.743395996,9.301545
KLAMATH MARSH NATIONAL WILDLIFE REFUGE  ,108.254,149.8352,55.55732,89.72258,79.95087,26.73997,0.128384303,0.503456974,11.66699
KODIAK NATIONAL WILDLIFE REFUGE  ,128.6601,168.362,14.86128,11.58185,18.68671,7.902704,-1.101421088,-1.096584651,10.13324
KOFA NATIONAL WILDLIFE REFUGE  ,24.85351,47.67063,7.290421,6.311162,9.395553,3.918587,-0.362270148,-0.538080276,3.297655
KOOTENAI NATIONAL WILDLIFE REFUGE  ,112.6451,146.2242,29.95395,46.42137,34.28471,14.84384,-0.202702819,-0.051590663,7.202392
KOYUKUK NATIONAL WILDLIFE REFUGE  ,136.8148,160.224,4.865773,1.407279,8.563285,0.8664788,-0.585669152,-0.805669225,5.654693
LACASSINE NATIONAL WILDLIFE REFUGE  ,23.42989,47.57279,39.91156,52.7493,21.31105,18.29454,-0.081113181,0.077007164,5.053817
LACREEK NATIONAL WILDLIFE REFUGE  ,93.14203,128.1762,3.48822,8.511214,4.171525,15.15816,-1.212734193,-0.520996827,8.666127
LAGUNA ATASCOSA NATIONAL WILDLIFE REFUGE  ,16.36965,33.57484,17.76397,21.35864,27.84039,30.85917,-0.273131233,-0.289272966,3.943756
LAGUNA CARTAGENA NATIONAL WILDLIFE REFUGE  ,7.230739,17.52012,9.547408,6.599988,13.62732,6.378536,-0.113250187,-0.193266796,0.4935559
LAKE ALICE NATIONAL WILDLIFE REFUGE  ,114.1319,142.5042,3.951037,16.38893,8.706546,13.88781,-0.671736956,-0.500820691,9.101082
LAKE ANDES NATIONAL WILDLIFE REFUGE  ,95.96007,124.9389,1.765701,2.875769,0.9457184,5.480739,-0.983910213,-0.643440144,8.989348
LAKE GEORGE NATIONAL WILDLIFE REFUGE  ,108.9897,137.8842,2.517346,16.86852,4.40547,12.10982,-0.705647308,-0.428841124,8.718132
LAKE ILO NATIONAL WILDLIFE REFUGE  ,107.5516,139.3512,4.30946,15.62052,9.781814,17.37272,-1.014044405,-0.451577745,8.555856
LAKE ISOM NATIONAL WILDLIFE REFUGE  ,58.74815,90.26481,32.90821,4.95671,11.86104,9.547869,-0.261771957,-0.56696576,10.35618
LAKE MASON NATIONAL WILDLIFE REFUGE  ,99.56007,137.6693,11.61791,35.6242,14.53556,33.79971,-1.065583319,-0.189111075,9.955135
LAKE NETTIE NATIONAL WILDLIFE REFUGE  ,109.7642,139.284,3.592615,15.26209,7.631277,16.29745,-0.765297376,-0.456036321,9.1458
LAKE OPHELIA NATIONAL WILDLIFE REFUGE  ,29.73524,57.26915,64.33417,62.37263,8.716985,19.80349,0.267845471,0.284248212,6.562868
LAKE THIBADEAU NATIONAL WILDLIFE REFUGE  ,106.8009,141.5304,13.26245,42.26104,18.96619,40.91707,-0.868618489,-0.117801135,8.6933
LAKE WALES RIDGE NATIONAL WILDLIFE REFUGE  ,17.99704,35.62111,33.5311,33.85472,35.11849,36.08936,-0.057083533,-0.102877661,4.335765
LAKE WOODRUFF NATIONAL WILDLIFE REFUGE  ,20.05464,40.13603,36.60601,46.34213,28.77127,21.58889,-0.074009292,-0.049051548,4.994224
LAKE ZAHL NATIONAL WILDLIFE REFUGE  ,110.2863,141.1522,4.30946,16.55659,9.781814,16.29745,-0.859742998,-0.407934271,8.37129
LAS VEGAS NATIONAL WILDLIFE REFUGE  ,82.48922,120.8329,5.614398,1.730903,13.48784,1.837353,-0.994599113,-0.795870708,8.723747
LEE METCALF NATIONAL WILDLIFE REFUGE  ,121.2441,158.3919,60.19615,79.20967,32.71149,30.0503,0.070244947,0.286783917,8.697591
LESLIE CANYON NATIONAL WILDLIFE REFUGE  ,35.56667,71.62407,5.524719,5.201095,9.604343,8.633469,-0.771925654,-1.095632328,4.564986
LEWIS AND CLARK NATIONAL WILDLIFE REFUGE  ,49.15552,103.1244,5.149526,18.02714,6.328226,17.04293,-1.978562465,-1.365922309,10.6549
LITTLE GOOSE NATIONAL WILDLIFE REFUGE  ,111.6181,139.6126,1.083654,14.54525,0.2339455,14.14691,-0.708935965,-0.504637111,9.435641
LITTLE PEND OREILLE NATIONAL WILDLIFE REFUGE  ,107.4781,140.2319,34.4151,51.42965,49.81869,15.11288,-0.182303431,-0.016367024,8.173964
LITTLE RIVER NATIONAL WILDLIFE REFUGE  ,40.01667,70.91327,50.35341,17.39364,45.13978,34.71751,-0.021524914,-0.450929333,8.79449
LITTLE SANDY NATIONAL WILDLIFE REFUGE  ,35.03602,64.53248,48.47162,23.81758,38.30254,35.48953,-0.018126637,-0.341327475,8.155764
LOGAN CAVE NATIONAL WILDLIFE REFUGE  ,56.7451,88.97886,18.93172,5.708354,31.80489,12.77368,-0.55450647,-0.772451686,10.71266
LONG LAKE NATIONAL WILDLIFE REFUGE  ,107.3343,136.9389,2.158923,16.86852,3.330201,12.10982,-0.803707999,-0.413310803,8.396543
LOST TRAIL NATIONAL WILDLIFE REFUGE  ,117.541,152.6871,30.86156,47.74228,31.09211,17.99041,-0.225867846,-0.034758164,8.165044
LOSTWOOD NATIONAL WILDLIFE REFUGE  ,112.3682,142.4751,4.667883,16.71255,10.85708,13.88781,-0.733403157,-0.432431441,8.671896
LOWER HATCHIE NATIONAL WILDLIFE REFUGE  ,51.61206,84.5305,49.29081,11.75077,24.78652,15.86993,-0.055937298,-0.415964864,11.00923
LOWER KLAMATH NATIONAL WILDLIFE REFUGE  ,99.33946,142.3659,35.44798,90.48261,61.00129,25.53515,-0.2307125,0.525334441,11.61956
LOWER RIO GRANDE VALLEY NATIONAL WILDLIFE REFUGE  ,17.0542,34.91498,9.431315,17.25289,14.35432,26.97568,-0.362977058,-0.353101432,4.041014
LOWER SUWANNEE NATIONAL WILDLIFE REFUGE  ,21.32005,42.65021,53.82331,57.89883,26.99655,24.62276,0.028870642,0.04350115,5.181717
MACKAY ISLAND NATIONAL WILDLIFE REFUGE  ,46.74672,84.45277,38.84954,17.90169,36.09779,40.54275,-0.160137321,-0.44112014,10.9615
MALHEUR NATIONAL WILDLIFE REFUGE  ,105.5939,144.0346,52.57384,91.24264,73.18985,25.3012,0.062458245,0.428563888,11.64729
MANDALAY NATIONAL WILDLIFE REFUGE  ,21.90441,44.94548,35.58328,54.74895,17.82614,12.56916,-0.095701569,0.12211091,4.704354
MARAIS DES CYGNES NATIONAL WILDLIFE REFUGE  ,71.82554,101.5918,19.51571,1.8005,25.51176,2.254933,-0.492755756,-0.741438126,8.881884
MARIN ISLANDS NATIONAL WILDLIFE REFUGE  ,29.38079,59.43874,1.083654,7.412844,0.2339455,8.213499,-0.555909469,-0.811655948,2.69872
MARTIN NATIONAL WILDLIFE REFUGE  ,58.41568,96.41714,18.86087,6.689667,33.78173,13.35829,-0.452924351,-0.613625672,11.61119
MASHPEE NATIONAL WILDLIFE REFUGE  ,93.72593,129.8778,3.025402,1.083654,5.720848,0.2339455,-1.187353252,-0.922237367,9.112094
MASON NECK NATIONAL WILDLIFE REFUGE  ,68.05999,101.3975,14.89939,3.453421,24.30694,3.64955,-0.554628534,-0.734982243,9.197613
MASSASOIT NATIONAL WILDLIFE REFUGE  ,95.17856,130.4838,2.701777,1.083654,4.749974,0.2339455,-1.135365257,-0.925806649,8.93107
MATHEWS BRAKE NATIONAL WILDLIFE REFUGE  ,40.47382,70.97855,67.79929,42.7805,18.39981,26.42414,0.453930165,-0.086622847,9.141318
MATLACHA PASS NATIONAL WILDLIFE REFUGE  ,13.78104,28.45702,50.26168,45.36949,27.69915,34.19113,0.00034579,-0.014120136,3.600056
MATTAMUSKEET NATIONAL WILDLIFE REFUGE  ,41.90603,77.25097,51.53102,21.38153,32.28448,43.45537,0.011998466,-0.379690534,9.518389
MAXWELL NATIONAL WILDLIFE REFUGE  ,86.26667,124.9204,6.016005,2.089326,13.48784,1.707802,-0.942592022,-0.540154347,8.278538
MCFADDIN NATIONAL WILDLIFE REFUGE  ,20.70994,43.05285,22.3841,45.4777,37.6085,28.80259,-0.21752053,-0.083188567,4.714804
MCKAY CREEK NATIONAL WILDLIFE REFUGE  ,92.21115,131.4607,27.17927,72.91528,21.69844,25.66382,-0.362624857,0.227062733,9.132649
MCLEAN NATIONAL WILDLIFE REFUGE  ,109.0765,139.677,3.234192,15.58572,6.556008,16.29745,-0.873436964,-0.46047585,8.864352
MCNARY NATIONAL WILDLIFE REFUGE  ,79.62959,117.6093,16.91501,34.41305,17.37272,39.87601,-0.762973721,-0.191829237,8.503504
MEDICINE LAKE NATIONAL WILDLIFE REFUGE  ,108.5387,139.9261,6.4252,19.10873,14.92421,21.54424,-0.924471843,-0.35505692,8.191731
MERCED NATIONAL WILDLIFE REFUGE  ,33.3282,69.62002,2.054528,15.77015,2.808226,11.99637,-0.784481361,-0.825578179,4.073683
MEREDOSIA NATIONAL WILDLIFE REFUGE  ,80.82731,108.2367,6.644429,1.083654,11.69841,0.2339455,-0.799685174,-1.009773929,7.274446
MERRITT ISLAND NATIONAL WILDLIFE REFUGE  ,15.3596,31.27038,49.25144,42.77924,28.5938,26.45923,0.010670284,-0.0421783,4.389772
MICHIGAN ISLANDS NATIONAL WILDLIFE REFUGE  ,110.4689,143.0224,1.083654,4.493892,0.2339455,5.246794,-1.196747525,-0.66829244,10.29617
MIDDLE MISSISSIPPI RIVER NATIONAL WILDLIFE REFUGE  ,68.93954,99.20396,15.02387,1.083654,30.83402,0.2339455,-0.534594537,-0.796460404,8.644836
MIDWAY ATOLL NATIONAL WILDLIFE REFUGE  ,NaN ,NaN ,NaN ,NaN ,NaN ,NaN ,#VALUE!,#VALUE!,NaN 
MILLE LACS NATIONAL WILDLIFE REFUGE  ,108.8329,137.8918,1.083654,9.118591,0.2339455,18.15002,-0.965807178,-0.642085393,10.30669
MINGO NATIONAL WILDLIFE REFUGE  ,62.50577,93.75957,19.28889,2.875769,31.83998,5.480739,-0.415412347,-0.667730846,9.485823
MINIDOKA NATIONAL WILDLIFE REFUGE  ,103.3849,139.0166,17.92274,75.75625,19.95555,26.40075,-0.526311258,0.241365835,10.05409
MINNESOTA VALLEY NATIONAL WILDLIFE REFUGE  ,103.9597,130.779,1.407279,1.442077,0.8664788,1.179664,-0.925827789,-0.728836114,9.231753
MISSISQUOI NATIONAL WILDLIFE REFUGE  ,113.6035,142.1029,1.48526,5.121058,1.438765,6.660403,-0.868196386,-0.610364961,6.171592
MISSISSIPPI SANDHILL CRANE NATIONAL WILDLIFE REFUGE  ,25.89203,51.52248,62.37771,66.50479,12.91367,14.51632,0.184022302,0.341005814,5.777463
MOAPA VALLEY NATIONAL WILDLIFE REFUGE  ,39.00947,74.46728,2.701777,12.52757,4.749974,10.48076,-0.999046178,-0.970149506,6.502366
MODOC NATIONAL WILDLIFE REFUGE  ,102.3,141.7667,44.74136,89.11013,71.71599,26.63557,-0.057516998,0.420541246,11.12786
MONOMOY NATIONAL WILDLIFE REFUGE  ,93.72593,129.8778,3.025402,1.083654,5.720848,0.2339455,-1.187353252,-0.922237367,9.112094
MONTE VISTA NATIONAL WILDLIFE REFUGE  ,117.6654,153.699,4.135469,3.742247,4.620423,5.591297,-0.56807171,-0.622018528,7.164619
MONTEZUMA NATIONAL WILDLIFE REFUGE  ,103.5518,133.6879,1.083654,1.083654,0.2339455,0.2339455,-0.940860228,-0.744560418,8.051055
MOODY NATIONAL WILDLIFE REFUGE  ,20.86443,43.204,23.67021,44.40243,34.25314,32.0284,-0.208825275,-0.089895815,4.750817
MOOSEHORN NATIONAL WILDLIFE REFUGE  ,115.2934,147.314,1.083654,3.453421,0.2339455,3.64955,-0.872016058,-0.55745472,6.461031
MORGAN BRAKE NATIONAL WILDLIFE REFUGE  ,39.89737,70.48601,67.79929,43.2169,18.39981,24.24845,0.426067082,-0.076121806,9.071645
MORTENSON LAKE NATIONAL WILDLIFE REFUGE  ,116.1864,152.4343,6.01395,9.163829,4.987693,14.32916,-0.563127093,-0.425539205,10.01934
MOUNTAIN BOGS NATIONAL WILDLIFE REFUGE  ,69.92593,104.6,22.584,1.083654,6.493371,0.2339455,-0.356633069,-0.901235173,7.468313
MOUNTAIN LONGLEAF NATIONAL WILDLIFE REFUGE  ,41.75414,74.27131,60.11896,28.19332,22.68102,23.40625,0.164476889,-0.29915178,9.495246
MULESHOE NATIONAL WILDLIFE REFUGE  ,48.04876,81.76421,10.46671,2.158923,17.97871,3.330201,-0.428517906,-0.960042062,8.319944
MUSCATATUCK NATIONAL WILDLIFE REFUGE  ,77.6905,106.7689,8.192956,1.083654,11.41654,0.2339455,-0.689212805,-1.068517823,7.407195
NANSEMOND NATIONAL WILDLIFE REFUGE  ,51.52276,88.19907,24.93809,10.89679,44.2274,25.97965,-0.314983383,-0.483574994,11.55462
NANTUCKET NATIONAL WILDLIFE REFUGE  ,93.72593,129.8778,3.025402,1.083654,5.720848,0.2339455,-1.187353252,-0.922237367,9.112094
NATIONAL BISON RANGE  ,113.6906,149.4919,27.39975,48.02272,31.35121,20.1661,-0.290539745,-0.032835151,8.606811
NATIONAL ELK REFUGE  ,133.4737,170.3259,80.92351,88.05134,20.05441,9.948846,0.296886906,0.284431971,9.382491
NATIONAL KEY DEER REFUGE  ,12.08889,25.72778,60.42581,56.96606,24.11978,30.64686,0.027691883,0.065224326,3.273226
NAVASSA ISLAND NATIONAL WILDLIFE REFUGE  ,5.412963,14.89815,15.20294,15.95458,15.83811,14.86724,-0.084689999,-0.14119521,0.5723255
NEAL SMITH NATIONAL WILDLIFE REFUGE  ,90.7996,117.6401,3.234192,1.083654,6.556008,0.2339455,-0.957206945,-0.937634854,7.640004
NECEDAH NATIONAL WILDLIFE REFUGE  ,103.084,131.1214,1.407279,1.083654,0.8664788,0.2339455,-1.092044069,-0.684661276,9.442456
NECHES RIVER NATIONAL WILDLIFE REFUGE  ,31.60116,60.0085,47.01784,29.33391,34.62783,41.58381,-0.038537957,-0.252057675,7.108276
NESTUCCA BAY NATIONAL WILDLIFE REFUGE  ,48.02605,100.2375,4.825901,17.94915,5.357352,19.21862,-1.714706383,-1.174183454,10.03257
NINIGRET NATIONAL WILDLIFE REFUGE  ,97.17548,128.2433,4.3199,1.083654,9.604343,0.2339455,-0.792369275,-0.792348961,7.529696
NOMANS LAND ISLAND NATIONAL WILDLIFE REFUGE  ,94.42124,129.5556,3.025402,1.083654,5.720848,0.2339455,-1.107845734,-0.896235139,8.793473
NORTH PLATTE NATIONAL WILDLIFE REFUGE  ,92.59065,131.4151,4.502277,15.05125,4.386478,16.1679,-1.16620291,-0.415274267,8.417287
NORTHERN TALLGRASS PRAIRIE NATIONAL WILDLIFE REFUGE  ,104.7003,131.756,1.083654,4.30946,0.2339455,9.781814,-0.814053249,-0.674187399,9.192334
NOWITNA NATIONAL WILDLIFE REFUGE  ,130.9781,155.346,1.48526,1.407279,1.438765,0.8664788,-0.892913397,-0.912719309,5.868283
OAHU FOREST NATIONAL WILDLIFE REFUGE  ,10.13715,21.88184,19.78952,13.44356,8.122814,6.490478,-0.065533912,-0.138755199,0.9093334
OCCOQUAN BAY NATIONAL WILDLIFE REFUGE  ,68.37952,101.4669,15.90507,3.453421,26.24868,3.64955,-0.534683409,-0.734774356,8.937774
OHIO RIVER ISLANDS NATIONAL WILDLIFE REFUGE  ,80.8897,111.1263,20.94609,1.083654,18.31844,0.2339455,-0.311619879,-0.864053661,7.105864
OKEFENOKEE NATIONAL WILDLIFE REFUGE  ,26.65112,52.56439,64.13502,68.78693,10.63282,23.28009,0.182913166,0.315556044,4.94447
OPTIMA NATIONAL WILDLIFE REFUGE  ,62.7847,97.11872,12.55604,1.083654,19.68651,0.2339455,-0.590316102,-0.916504682,9.663961
OREGON ISLANDS NATIONAL WILDLIFE REFUGE  ,37.39713,83.14457,2.771374,17.38827,2.678676,14.86724,-1.157159571,-1.179856023,5.974144
OTTAWA NATIONAL WILDLIFE REFUGE  ,92.33745,122.4373,3.164595,1.083654,4.171525,0.2339455,-0.874409321,-0.896696528,7.857118
OURAY NATIONAL WILDLIFE REFUGE  ,103.0784,138.3372,8.123359,57.15175,13.35829,35.46614,-0.736063869,0.054777609,9.502887
OVERFLOW NATIONAL WILDLIFE REFUGE  ,38.29729,68.62261,67.47567,49.08835,17.42894,20.43514,0.389862501,0.009367282,8.87856
OXBOW NATIONAL WILDLIFE REFUGE  ,103.1266,131.2613,2.054528,1.083654,2.808226,0.2339455,-0.711560525,-0.730896305,7.064419
OYSTER BAY NATIONAL WILDLIFE REFUGE  ,87.08221,120.0203,4.10067,1.083654,5.591297,0.2339455,-1.034375221,-0.963273621,9.159838
OZARK CAVEFISH NATIONAL WILDLIFE REFUGE  ,61.82237,94.29606,17.46323,3.592615,32.77576,7.631277,-0.580989896,-0.696608986,10.7877
OZARK PLATEAU NATIONAL WILDLIFE REFUGE  ,55.32178,87.47096,20.90827,5.349931,36.65926,11.69841,-0.467076715,-0.757713515,10.40371
PAHRANAGAT NATIONAL WILDLIFE REFUGE  ,69.75162,107.6973,9.600234,10.81675,12.15347,18.21266,-1.307198024,-0.841081408,8.69228
PALMYRA ATOLL NATIONAL WILDLIFE REFUGE  ,NaN ,NaN ,NaN ,NaN ,NaN ,NaN ,#VALUE!,#VALUE!,NaN 
PANTHER SWAMP NATIONAL WILDLIFE REFUGE  ,36.47632,66.69619,66.11157,52.09367,15.48719,16.58674,0.374034718,0.06952497,8.68777
PARKER RIVER NATIONAL WILDLIFE REFUGE  ,100.5539,132.3903,2.701777,1.083654,4.749974,0.2339455,-0.934013544,-0.87758128,8.142007
PASSAGE KEY NATIONAL WILDLIFE REFUGE  ,16.06667,32.28519,44.42222,35.54244,23.39493,36.85145,-0.018515185,-0.081165622,3.984073
PATHFINDER NATIONAL WILDLIFE REFUGE  ,111.1268,147.3854,5.725124,28.09983,6.062962,40.21246,-0.723388282,-0.248044249,10.19679
PATOKA RIVER NATIONAL WILDLIFE REFUGE  ,71.00645,100.9965,13.33615,1.083654,27.92139,0.2339455,-0.698785843,-0.985896934,8.353521
PATUXENT RESEARCH REFUGE  ,73.8634,106.4057,9.637087,1.407279,21.12528,0.8664788,-0.683916387,-0.793211596,8.798728
PEA ISLAND NATIONAL WILDLIFE REFUGE  ,38.58922,73.81282,58.51253,26.88616,27.50029,39.87601,0.172831804,-0.326053123,8.549824
PEARL HARBOR NATIONAL WILDLIFE REFUGE  ,10.04911,21.75541,17.33339,13.44356,9.457184,6.490478,-0.066533639,-0.138949183,0.9526237
PEE DEE NATIONAL WILDLIFE REFUGE  ,46.9279,80.85517,51.16421,21.07262,32.51842,32.07393,0.013886404,-0.387683136,9.919383
PELICAN ISLAND NATIONAL WILDLIFE REFUGE  ,14.86643,30.18573,53.13288,44.14333,23.97954,28.40098,0.027468309,-0.027202191,3.966991
PETIT MANAN NATIONAL WILDLIFE REFUGE  ,109.4602,142.8014,1.407279,1.083654,0.8664788,0.2339455,-0.901892118,-0.635513811,7.688857
PIEDMONT NATIONAL WILDLIFE REFUGE  ,37.89734,69.10355,65.42114,40.85883,14.75026,30.0386,0.302432587,-0.062996999,7.711608
PIERCE NATIONAL WILDLIFE REFUGE  ,78.79836,123.9265,17.49267,36.74802,15.22218,44.73038,-0.838951973,-0.140679064,11.61111
PILOT KNOB NATIONAL WILDLIFE REFUGE  ,66.54815,97.59815,14.053,1.083654,27.92139,0.2339455,-0.58735249,-0.765042135,8.56061
PINCKNEY ISLAND NATIONAL WILDLIFE REFUGE  ,29.8888,57.45008,66.78523,61.71067,16.69201,28.27231,0.316016276,0.194098916,5.376161
PINE ISLAND NATIONAL WILDLIFE REFUGE  ,13.32642,27.81937,46.6175,46.17271,29.37186,31.78149,-0.011062475,-0.017720746,3.567101
PINELLAS NATIONAL WILDLIFE REFUGE  ,16.06667,32.28519,44.42222,35.54244,23.39493,36.85145,-0.018515185,-0.081165622,3.984073
PIXLEY NATIONAL WILDLIFE REFUGE  ,30.98782,62.35873,3.828614,17.35347,5.720848,15.83811,-0.664527503,-0.846457233,3.626158
PLUM TREE ISLAND NATIONAL WILDLIFE REFUGE  ,54.76442,91.85481,20.96189,7.336916,45.16318,15.30004,-0.375462492,-0.560620412,11.54304
POCOSIN LAKES NATIONAL WILDLIFE REFUGE  ,43.60884,79.23783,46.40996,20.69948,35.16201,42.4845,-0.05379706,-0.400171447,9.951877
POND CREEK NATIONAL WILDLIFE REFUGE  ,40.91231,72.36135,50.57897,17.87323,38.84665,31.337,-0.017377587,-0.418744872,8.848072
POND ISLAND NATIONAL WILDLIFE REFUGE  ,105.2934,139.3154,1.407279,1.083654,0.8664788,0.2339455,-1.007300946,-0.727328123,8.792466
PORT LOUISA NATIONAL WILDLIFE REFUGE  ,91.06946,117.6373,2.517346,1.083654,4.40547,0.2339455,-0.948021804,-0.953789651,7.570236
PRESQUILE NATIONAL WILDLIFE REFUGE  ,58.41152,93.77141,17.07509,6.042418,23.6051,11.41654,-0.559598299,-0.597260269,11.3335
PRIME HOOK NATIONAL WILDLIFE REFUGE  ,71.42416,105.43,14.06138,3.349026,27.68745,6.691721,-0.610274606,-0.735006034,9.468897
PROTECTION ISLAND NATIONAL WILDLIFE REFUGE  ,53.65839,113.3568,2.884154,17.70351,2.359328,16.07206,-2.510766001,-1.291607196,12.14658
QUIVIRA NATIONAL WILDLIFE REFUGE  ,71.15415,102.2543,14.29659,1.442077,21.12528,1.179664,-0.70036737,-0.795615415,9.013763
RACHEL CARSON NATIONAL WILDLIFE REFUGE  ,105.6085,136.7512,1.730903,1.083654,1.837353,0.2339455,-0.946590918,-0.748168302,8.207096
RAPPAHANNOCK RIVER VALLEY NATIONAL WILDLIFE REFUGE  ,62.00538,97.26845,16.5955,5.395169,26.98561,9.474792,-0.517134719,-0.663261719,10.60101
RED RIVER NATIONAL WILDLIFE REFUGE  ,32.83677,61.56803,67.84247,57.76928,17.19499,28.23722,0.335401643,0.150713047,7.517205
RED ROCK LAKES NATIONAL WILDLIFE REFUGE  ,127.6941,163.1359,59.30531,81.43995,25.18461,12.39798,0.093897096,0.218451111,8.929997
REELFOOT NATIONAL WILDLIFE REFUGE  ,58.73965,90.26972,32.90821,4.95671,11.86104,9.547869,-0.261350526,-0.566377517,10.34145
RICE LAKE NATIONAL WILDLIFE REFUGE  ,109.437,138.739,1.083654,9.800639,0.2339455,19.22529,-0.965063314,-0.633384544,10.53477
RIDGEFIELD NATIONAL WILDLIFE REFUGE  ,63.73428,113.3334,10.49946,23.34432,13.58984,28.69341,-1.492799833,-0.666562988,11.86065
ROANOKE RIVER NATIONAL WILDLIFE REFUGE  ,46.93572,82.37357,39.44522,17.93649,39.4783,39.57188,-0.135303547,-0.426540037,10.80663
ROCK LAKE NATIONAL WILDLIFE REFUGE  ,114.2144,142.6647,3.592615,16.38893,7.631277,13.88781,-0.686549027,-0.499376597,9.075784
ROCKY FLATS NATIONAL WILDLIFE REFUGE  ,117.2528,154.3262,4.170267,5.857987,5.246794,7.397331,-0.731344297,-0.598384819,9.037261
ROCKY MOUNTAIN ARSENAL NATIONAL WILDLIFE REFUGE  ,100.0853,139.2557,1.407279,5.823188,0.8664788,7.533045,-1.113706185,-0.575257035,8.713816
RUBY LAKE NATIONAL WILDLIFE REFUGE  ,104.787,143.5395,12.83648,37.2624,21.86221,40.37899,-0.710003406,-0.100132878,10.02687
RYDELL NATIONAL WILDLIFE REFUGE  ,111.2854,139.3382,1.083654,14.10046,0.2339455,17.63182,-0.737397084,-0.531789888,9.671697
SABINE NATIONAL WILDLIFE REFUGE  ,22.53091,46.08657,32.25308,48.74669,30.72937,20.20044,-0.152656962,-0.000873105,4.840323
SACHUEST POINT NATIONAL WILDLIFE REFUGE  ,96.79215,128.4569,3.996275,1.083654,8.633469,0.2339455,-0.836737803,-0.807558768,7.70703
SACRAMENTO NATIONAL WILDLIFE REFUGE  ,41.93688,85.81819,1.083654,19.00639,0.2339455,19.7216,-1.308215476,-0.90772576,6.59457
SACRAMENTO RIVER NATIONAL WILDLIFE REFUGE  ,47.27397,92.60092,1.083654,20.01207,0.2339455,21.66335,-1.401176566,-0.77546334,7.658153
SADDLE MOUNTAIN NATIONAL WILDLIFE REFUGE  ,78.27832,115.0385,16.62619,31.36123,18.44799,35.02164,-0.76878179,-0.247015692,8.430396
SALINAS RIVER NATIONAL WILDLIFE REFUGE  ,30.06502,63.21316,1.083654,16.05897,0.2339455,11.95461,-0.578353861,-0.836115446,3.215816
SALT PLAINS NATIONAL WILDLIFE REFUGE  ,58.98905,90.95018,18.5037,3.234192,33.74664,6.556008,-0.607125954,-0.83678024,10.02679
SAM D. HAMILTON NOXUBEE NATIONAL WILDLIFE REFUGE  ,39.53407,70.99834,63.01657,38.62826,11.83764,22.27161,0.288858835,-0.147871365,8.931572
SAN ANDRES NATIONAL WILDLIFE REFUGE  ,40.79519,76.06981,4.721506,4.799488,9.604343,8.633469,-0.812056175,-1.151477694,6.389682
SAN BERNARD NATIONAL WILDLIFE REFUGE  ,21.71127,43.49921,29.52694,41.72707,41.35251,22.11087,-0.149297229,-0.12150411,4.94657
SAN BERNARDINO NATIONAL WILDLIFE REFUGE  ,35.77516,71.79709,5.524719,5.201095,9.604343,8.633469,-0.768511255,-1.100453529,4.618052
SAN DIEGO BAY NATIONAL WILDLIFE REFUGE  ,21.60551,42.67708,1.083654,1.442077,0.2339455,1.179664,-0.531460524,-0.886421887,3.080732
SAN DIEGO NATIONAL WILDLIFE REFUGE  ,23.89255,47.19721,1.083654,2.167308,0.2339455,0.467891,-0.489971233,-0.845998385,3.499935
SAN JOAQUIN RIVER NATIONAL WILDLIFE REFUGE  ,32.55787,66.99496,2.054528,16.74102,2.808226,12.92549,-0.678333706,-0.780327784,3.257586
SAN JUAN ISLANDS NATIONAL WILDLIFE REFUGE  ,52.33604,113.2383,2.884154,17.37989,2.359328,15.35173,-2.584014831,-1.33956751,12.03821
SAN LUIS NATIONAL WILDLIFE REFUGE  ,33.07141,68.73851,2.054528,16.09377,2.808226,11.99637,-0.746302947,-0.807474557,3.794096
SAN PABLO BAY NATIONAL WILDLIFE REFUGE  ,31.38637,64.57319,1.407279,15.41173,0.8664788,10.9211,-0.684599052,-0.824738425,2.850616
SAND LAKE NATIONAL WILDLIFE REFUGE  ,105.7396,133.4077,2.84097,11.16142,4.171525,14.60486,-0.654517848,-0.516902662,9.38505
SANDY POINT NATIONAL WILDLIFE REFUGE  ,NaN ,NaN ,NaN ,NaN ,NaN ,NaN ,#VALUE!,#VALUE!,NaN 
SANTA ANA NATIONAL WILDLIFE REFUGE  ,17.33084,35.45121,7.579247,15.40082,12.41257,25.03393,-0.399537769,-0.374159361,4.058187
SANTEE NATIONAL WILDLIFE REFUGE  ,36.90845,66.67282,67.10886,48.19575,17.66288,45.33864,0.407308692,0.024938918,7.13056
SAUTA CAVE NATIONAL WILDLIFE REFUGE  ,47.19873,81.30028,43.78822,17.03316,38.30857,24.77483,-0.152657289,-0.46697598,10.76294
SAVANNAH NATIONAL WILDLIFE REFUGE  ,31.37331,59.42994,68.19251,61.72744,17.42894,27.80442,0.323988448,0.191316537,5.658064
SEAL BEACH NATIONAL WILDLIFE REFUGE  ,22.0217,43.02359,2.736575,1.442077,3.64955,1.179664,-0.48372789,-0.91849805,3.450952
SEAL ISLAND NATIONAL WILDLIFE REFUGE  ,110.1871,142.1334,1.407279,1.083654,0.8664788,0.2339455,-0.811296555,-0.59588495,7.361326
SEATUCK NATIONAL WILDLIFE REFUGE  ,82.89402,118.1821,5.753592,1.083654,9.474792,0.2339455,-1.139315605,-1.04354042,10.35394
SEEDSKADEE NATIONAL WILDLIFE REFUGE  ,117.6866,153.4785,21.92455,71.83464,35.78184,14.50965,-0.280418576,0.152857336,9.671986
SELAWIK NATIONAL WILDLIFE REFUGE  ,143.8651,168.7233,3.50499,1.407279,4.749974,0.8664788,-0.572337402,-0.887739559,5.626944
SENEY NATIONAL WILDLIFE REFUGE  ,116.6165,148.9503,1.083654,13.70724,0.2339455,15.48128,-0.904667493,-0.545962098,9.438899
SEQUOYAH NATIONAL WILDLIFE REFUGE  ,50.06308,81.901,27.52092,4.30946,27.8663,9.781814,-0.295807809,-0.795119812,9.31256
SEVILLETA NATIONAL WILDLIFE REFUGE  ,69.80787,106.9774,7.929285,2.054528,8.772956,2.808226,-1.027417525,-1.032373328,9.221285
SHAWANGUNK GRASSLANDS NATIONAL WILDLIFE REFUGE  ,96.73448,125.4228,5.245536,1.083654,8.4726,0.2339455,-0.863396561,-0.76775851,6.658211
SHELDON NATIONAL WILDLIFE REFUGE  ,101.6487,140.8179,41.4208,90.1158,74.35957,27.71084,-0.119591269,0.410071754,10.98149
SHELL KEYS NATIONAL WILDLIFE REFUGE  ,20.0677,42.13385,27.0319,53.31525,28.44928,16.87024,-0.179575662,0.016310433,4.722447
SHELL LAKE NATIONAL WILDLIFE REFUGE  ,111.7449,141.7226,4.30946,16.31095,9.781814,15.09263,-0.750317251,-0.446269896,8.713161
SHERBURNE NATIONAL WILDLIFE REFUGE  ,105.3933,133.3799,1.083654,3.951037,0.2339455,8.706546,-1.005309011,-0.702269215,8.950626
SHIAWASSEE NATIONAL WILDLIFE REFUGE  ,102.5205,131.7508,1.407279,1.083654,0.8664788,0.2339455,-1.101269394,-0.743533124,8.683019
SILETZ BAY NATIONAL WILDLIFE REFUGE  ,41.05208,89.20586,3.094998,16.58506,3.64955,17.27687,-1.389736838,-1.276501197,7.749463
SILVIO O. CONTE NATIONAL FISH AND WILDLIFE REFUGE  ,107.28,136.1117,1.083654,1.083654,0.2339455,0.2339455,-0.832104242,-0.669691481,7.170412
SLADE NATIONAL WILDLIFE REFUGE  ,108.9582,137.957,1.8005,16.86852,2.254933,12.10982,-0.729467696,-0.43183803,8.727046
SONNY BONO SALTON SEA NATIONAL WILDLIFE REFUGE  ,25.30656,48.65798,6.599988,4.221836,6.378536,2.599436,-0.391120932,-0.612569569,3.567674
SQUAW CREEK NATIONAL WILDLIFE REFUGE  ,81.92056,109.6655,10.66712,1.8005,15.99948,2.254933,-0.789594009,-0.913163507,7.727519
ST. CATHERINE CREEK NATIONAL WILDLIFE REFUGE  ,30.81296,58.58334,68.44323,64.2943,14.33344,16.18903,0.371825666,0.327479769,7.026276
ST. JOHNS NATIONAL WILDLIFE REFUGE  ,15.9349,32.3396,43.15112,40.37467,29.22017,27.17403,-0.015916641,-0.0604029,4.404664
ST. MARKS NATIONAL WILDLIFE REFUGE  ,24.86915,49.12642,61.45333,64.75079,15.4521,23.45304,0.134146096,0.202551158,5.082639
ST. VINCENT NATIONAL WILDLIFE REFUGE  ,18.83348,39.09661,22.57612,38.36635,24.44617,10.98588,-0.173915869,-0.141802858,4.689162
STEIGERWALD LAKE NATIONAL WILDLIFE REFUGE  ,67.2021,115.245,11.94153,27.15617,14.53556,32.34296,-1.28358555,-0.507631751,11.91075
STEWART B. MCKINNEY NATIONAL WILDLIFE REFUGE  ,94.71973,125.0811,3.996275,1.083654,8.633469,0.2339455,-0.816419508,-0.806568832,7.747681
STEWART LAKE NATIONAL WILDLIFE REFUGE  ,105.5389,138.0556,9.589795,21.37079,19.09574,13.36961,-0.843626555,-0.324541338,8.873268
STILLWATER NATIONAL WILDLIFE REFUGE  ,76.67799,115.5903,17.52113,19.09607,21.16037,27.21956,-0.744840267,-0.467602145,6.829584
STONE LAKES NATIONAL WILDLIFE REFUGE  ,32.80926,67.54259,2.378152,17.45787,3.7791,14.14691,-0.736631839,-0.8352765,3.548044
STORM LAKE NATIONAL WILDLIFE REFUGE  ,108.424,135.6169,1.442077,13.49639,1.179664,15.35173,-0.659661511,-0.504267372,8.724662
STUMP LAKE NATIONAL WILDLIFE REFUGE  ,111.8955,140.4286,1.083654,14.86049,0.2339455,17.50227,-0.721601611,-0.49928391,9.249997
SULLYS HILL NATIONAL GAME PRESERVE  ,112.3761,140.9179,2.158923,14.86049,3.330201,17.50227,-0.714239897,-0.492221799,9.177344
SUNBURST LAKE NATIONAL WILDLIFE REFUGE  ,106.2667,136.3056,2.158923,17.55057,3.330201,12.55344,-0.86254709,-0.402682247,8.182196
SUNKHAZE MEADOWS NATIONAL WILDLIFE REFUGE  ,114.178,144.2421,1.48526,1.8005,1.438765,2.254933,-0.753255943,-0.520983686,6.458176
SUPAWNA MEADOWS NATIONAL WILDLIFE REFUGE  ,78.75556,110.3963,8.666213,1.083654,18.21266,0.2339455,-0.747114715,-0.817146866,7.297477
SUSQUEHANNA NATIONAL WILDLIFE REFUGE  ,78.60977,109.924,8.018964,1.083654,16.27091,0.2339455,-0.694523319,-0.809639474,7.531852
SUTTER NATIONAL WILDLIFE REFUGE  ,38.2924,79.08115,1.083654,17.7119,0.2339455,15.83811,-1.143649286,-0.947577342,5.632246
SWAN LAKE NATIONAL WILDLIFE REFUGE  ,78.10879,106.4304,12.89769,1.083654,20.1544,0.2339455,-0.809966991,-0.984216571,7.864173
SWAN RIVER NATIONAL WILDLIFE REFUGE  ,122.8087,159.7236,52.13429,72.17533,44.20262,36.30834,-0.000818867,0.188770295,7.825888
SWANQUARTER NATIONAL WILDLIFE REFUGE  ,42.86269,78.33321,47.88684,21.38153,33.95719,43.45537,-0.033868894,-0.395526873,9.812264
TALLAHATCHIE NATIONAL WILDLIFE REFUGE  ,40.89104,71.91767,66.06839,37.35384,16.69201,27.82782,0.369435614,-0.154771601,9.241088
TAMARAC NATIONAL WILDLIFE REFUGE  ,110.7479,139.0424,1.083654,12.29157,0.2339455,18.96619,-0.787023968,-0.580113412,9.640469
TARGET ROCK NATIONAL WILDLIFE REFUGE  ,87.81834,120.4232,3.742247,1.083654,5.591297,0.2339455,-1.012265448,-0.947088681,8.984511
TEN THOUSAND ISLANDS NATIONAL WILDLIFE REFUGE  ,13.40507,27.6948,64.01717,53.56752,23.92093,35.46614,0.036991721,0.044124173,3.438032
TENNESSEE NATIONAL WILDLIFE REFUGE  ,55.2551,88.35576,43.40972,7.25688,28.86887,10.62314,-0.166770212,-0.481993337,10.08523
TENSAS RIVER NATIONAL WILDLIFE REFUGE  ,34.29257,63.47362,67.84247,56.47478,17.19499,24.35373,0.422772144,0.174306951,8.1349
TETLIN NATIONAL WILDLIFE REFUGE  ,136.157,164.6682,6.868732,1.407279,3.057391,0.8664788,-0.834594112,-1.125891297,5.446876
TEWAUKON NATIONAL WILDLIFE REFUGE  ,107.7817,134.9857,1.8005,11.84347,2.254933,14.70926,-0.658049474,-0.531274259,9.132264
TEXAS POINT NATIONAL WILDLIFE REFUGE  ,19.98931,42.01389,20.15352,45.90572,36.53323,23.63503,-0.244396077,-0.083591302,4.632212
THACHER ISLAND NATIONAL WILDLIFE REFUGE  ,99.12407,132.1981,3.349026,1.083654,6.691721,0.2339455,-1.000269643,-0.938618046,8.465326
THEODORE ROOSEVELT NATIONAL WILDLIFE REFUGE  ,38.49051,68.82263,67.11724,49.12314,17.42894,19.46426,0.411326207,-0.007003442,8.917097
TIJUANA SLOUGH NATIONAL WILDLIFE REFUGE  ,21.46879,42.40025,1.407279,1.442077,0.8664788,1.179664,-0.533658314,-0.889656649,3.059727
TISHOMINGO NATIONAL WILDLIFE REFUGE  ,44.18062,75.19353,41.60209,6.898457,29.30167,9.547869,-0.135702115,-0.654614115,8.624277
TOGIAK NATIONAL WILDLIFE REFUGE  ,143.692,178.1209,5.10303,12.03834,4.003109,14.13031,-0.718543099,-0.658405538,6.532008
TOPPENISH NATIONAL WILDLIFE REFUGE  ,88.75987,126.457,23.68899,65.10539,22.23086,35.25068,-0.442815114,0.150010487,9.604866
TREMPEALEAU NATIONAL WILDLIFE REFUGE  ,101.7389,129.5032,1.083654,1.083654,0.2339455,0.2339455,-1.141801521,-0.742351464,9.121442
TRINITY RIVER NATIONAL WILDLIFE REFUGE  ,25.48561,50.82561,38.75198,49.35914,35.11849,24.18833,-0.107764538,-0.021877881,4.985542
TRUSTOM POND NATIONAL WILDLIFE REFUGE  ,97.16667,128.2833,4.3199,1.083654,9.604343,0.2339455,-0.793912104,-0.793547613,7.535414
TUALATIN RIVER NATIONAL WILDLIFE REFUGE  ,61.31951,111.5291,10.46466,22.37345,12.51457,25.78079,-1.512488613,-0.730274112,11.76447
TULE LAKE NATIONAL WILDLIFE REFUGE  ,98.68431,141.3341,36.09523,90.48261,62.94303,25.53515,-0.255260191,0.536025736,11.43607
TURNBULL NATIONAL WILDLIFE REFUGE  ,95.56399,132.3057,19.28478,57.94121,20.59852,23.03407,-0.566070448,0.042830987,9.798587
TWO PONDS NATIONAL WILDLIFE REFUGE  ,113.8299,151.3662,2.806172,5.175939,3.096256,6.322062,-0.813011606,-0.595558767,8.897166
TWO RIVERS NATIONAL WILDLIFE REFUGE  ,75.71137,104.4887,8.875003,1.083654,12.38741,0.2339455,-0.720099835,-0.934486811,7.860626
TYBEE NATIONAL WILDLIFE REFUGE  ,30.20178,57.96003,66.82842,63.80838,15.48719,29.74617,0.302740382,0.207446775,5.421542
UL BEND NATIONAL WILDLIFE REFUGE  ,99.48606,134.7744,10.89268,29.64173,15.74038,21.71266,-1.078820147,-0.242226256,10.16219
UMATILLA NATIONAL WILDLIFE REFUGE  ,80.64596,120.4196,19.25837,47.90311,16.1679,53.50333,-0.752759658,-0.025221632,8.601708
UMBAGOG NATIONAL WILDLIFE REFUGE  ,116.2081,145.8788,1.48526,4.64147,1.438765,6.192512,-0.858068372,-0.528382182,6.488812
UNION SLOUGH NATIONAL WILDLIFE REFUGE  ,99.91701,126.6021,1.407279,1.083654,0.8664788,0.2339455,-0.973221624,-0.8134147,9.008645
UPPER KLAMATH NATIONAL WILDLIFE REFUGE  ,101.0344,144.662,38.5346,90.48261,64.88478,25.53515,-0.162045745,0.516164304,11.88266
UPPER MISSISSIPPI RIVER NATIONAL WILDLIFE AND FISH REFUGE  ,98.5511,125.682,1.407279,1.083654,0.8664788,0.2339455,-1.055082161,-0.809371791,8.640822
UPPER OUACHITA NATIONAL WILDLIFE REFUGE  ,36.60156,66.55946,68.12291,52.22653,19.37069,22.87987,0.384456487,0.060574905,8.352007
UPPER SOURIS NATIONAL WILDLIFE REFUGE  ,112.0913,141.4648,4.30946,16.03051,9.781814,12.81254,-0.714844008,-0.464219846,8.750185
VALENTINE NATIONAL WILDLIFE REFUGE  ,91.0889,125.9577,2.84097,3.951037,4.171525,8.706546,-1.285264446,-0.653687143,8.845628
VALLE DE ORO NATIONAL WILDLIFE REFUGE  ,74.75038,111.6996,8.822177,2.054528,13.86127,2.808226,-0.990224737,-0.915677319,8.599917
VIEQUES NATIONAL WILDLIFE REFUGE  ,6.72963,16.77592,9.1806,8.174927,13.86127,11.91952,-0.147979154,-0.246963579,0.5716105
WACCAMAW NATIONAL WILDLIFE REFUGE  ,32.75197,61.93372,62.60658,43.16231,13.27641,45.77144,0.216512692,-0.047050156,6.606129
WALLKILL RIVER NATIONAL WILDLIFE REFUGE  ,95.33036,124.3157,4.52869,1.083654,6.322062,0.2339455,-0.91397189,-0.801925193,6.839821
WALLOPS ISLAND NATIONAL WILDLIFE REFUGE  ,57.24376,96.46693,23.36315,8.631415,38.16821,19.18353,-0.388383043,-0.584615951,11.7359
WAPACK NATIONAL WILDLIFE REFUGE  ,104.7367,133.0859,1.407279,1.083654,0.8664788,0.2339455,-0.788312512,-0.713681998,7.351132
WAPANOCCA NATIONAL WILDLIFE REFUGE  ,51.3457,84.17211,45.47896,9.014196,21.13698,14.92421,-0.115953071,-0.457086346,10.94205
WAPATO LAKE NATIONAL WILDLIFE REFUGE  ,55.92641,108.4838,7.710055,19.64526,4.889461,21.8973,-1.72410304,-0.953572096,11.47367
WAR HORSE NATIONAL WILDLIFE REFUGE  ,98.89403,135.6714,11.29428,33.01717,14.53556,26.01373,-1.081335637,-0.212200575,10.25772
WASHITA NATIONAL WILDLIFE REFUGE  ,53.08746,86.15353,13.94655,3.592615,20.89133,7.631277,-0.46950014,-0.840543637,9.681669
WASSAW NATIONAL WILDLIFE REFUGE  ,29.50459,57.28886,65.42114,66.85688,14.75026,24.69295,0.25719281,0.247700428,5.249878
WATERCRESS DARTER NATIONAL WILDLIFE REFUGE  ,41.00857,72.50283,65.06271,34.37162,14.75026,21.0317,0.356616382,-0.198053268,9.242756
WAUBAY NATIONAL WILDLIFE REFUGE  ,107.0182,134.2226,2.517346,10.35821,4.40547,15.61083,-0.655792021,-0.562683746,9.565449
WERTHEIM NATIONAL WILDLIFE REFUGE  ,87.86856,121.983,5.36037,1.083654,10.44567,0.2339455,-0.970685514,-0.926077297,9.666737
WEST SISTER ISLAND NATIONAL WILDLIFE REFUGE  ,92.47282,122.4011,2.806172,1.083654,3.096256,0.2339455,-0.881760677,-0.900524302,7.819472
WHEELER NATIONAL WILDLIFE REFUGE  ,46.76305,80.45774,46.39194,18.08202,35.66499,25.51176,-0.118710987,-0.478324054,10.86245
WHITE LAKE NATIONAL WILDLIFE REFUGE  ,105.6769,138.0728,8.872949,21.37079,16.9452,13.36961,-0.855030804,-0.32987631,8.778111
WHITTLESEY CREEK NATIONAL WILDLIFE REFUGE  ,110.6229,141.883,1.083654,7.650101,0.2339455,12.77368,-1.112394153,-0.659948285,10.80067
WICHITA MOUNTAINS WILDLIFE REFUGE  ,46.07852,78.109,25.69401,4.95671,23.13721,9.547869,-0.302028086,-0.710677234,8.860537
WILLAPA NATIONAL WILDLIFE REFUGE  ,42.54754,94.98331,5.577546,16.22664,5.117243,17.27687,-1.588793653,-1.637730824,8.403374
WILLIAM L. FINLEY NATIONAL WILDLIFE REFUGE  ,50.17242,102.0925,4.459093,19.64526,5.591297,21.8973,-1.635859298,-0.926809553,10.35625
WILLOW LAKE NATIONAL WILDLIFE REFUGE  ,113.4852,142.3707,2.517346,15.30528,4.40547,14.01736,-0.735472427,-0.488124409,8.748879
WOLF ISLAND NATIONAL WILDLIFE REFUGE  ,27.96667,55.62222,60.11234,67.94054,6.117549,24.459,0.186796581,0.308475677,4.899456
YAZOO NATIONAL WILDLIFE REFUGE  ,38.49678,68.84095,67.11724,48.76472,17.42894,19.46426,0.405339088,-0.002353129,8.915198
YUKON DELTA NATIONAL WILDLIFE REFUGE  ,145.2336,176.2422,6.039106,8.680929,6.587326,7.802082,-0.627306639,-0.766312603,6.258874
YUKON FLATS NATIONAL WILDLIFE REFUGE  ,133.444,156.263,1.083654,1.083654,0.2339455,0.2339455,-0.694890999,-0.855834375,5.523323
